実行日時,対象開始日時,対象終了日時,日付,シフト,ライン,設備ID,設備名,サイクルタイム_分,計画時間_分,想定停止時間_分,想定稼働時間_分,想定稼働率_%,実停止時間_分,稼働時間_分,実績稼働率_%,停止理由,生産数,不良数
2026-06-01 08:29:24,2026-06-01 00:00:00,2026-06-01 06:00:00,2026-06-01,昼勤,Line-A,MC-001,切断機,25,315,25,290,92.1,4,311,98.7,なし,12,0
2026-06-01 08:29:24,2026-06-01 00:00:00,2026-06-01 06:00:00,2026-06-01,昼勤,Line-A,MC-002,加工機,36,315,31,284,90.2,33,282,89.5,品質確認,7,0
2026-06-01 08:29:24,2026-06-01 00:00:00,2026-06-01 06:00:00,2026-06-01,昼勤,Line-B,MC-003,検査機,20,315,15,300,95.2,40,275,87.3,品質確認,13,0
2026-06-01 08:29:24,2026-06-01 00:00:00,2026-06-01 06:00:00,2026-06-01,昼勤,Line-B,MC-004,包装機,15,315,22,293,93.0,13,302,95.9,チョコ停,20,0
2026-06-01 08:29:24,2026-06-01 00:00:00,2026-06-01 06:00:00,2026-06-01,昼勤,Line-C,MC-005,組立機,20,315,37,278,88.3,3,312,99.0,なし,15,0
2026-06-01 08:29:24,2026-06-01 00:00:00,2026-06-01 06:00:00,2026-06-01,昼勤,Line-C,MC-006,圧着機,22,315,28,287,91.1,23,292,92.7,品質確認,13,0
2026-06-01 14:54:51,2026-06-01 06:00:00,2026-06-01 12:00:00,2026-06-01,昼勤,Line-A,MC-001,切断機,25,195,15,180,92.3,20,175,89.7,清掃,7,0
2026-06-01 14:54:51,2026-06-01 06:00:00,2026-06-01 12:00:00,2026-06-01,昼勤,Line-A,MC-002,加工機,36,195,19,176,90.3,91,104,53.3,設備異常,2,0
2026-06-01 14:54:51,2026-06-01 06:00:00,2026-06-01 12:00:00,2026-06-01,昼勤,Line-B,MC-003,検査機,20,195,9,186,95.4,24,171,87.7,品質確認,8,0
2026-06-01 14:54:51,2026-06-01 06:00:00,2026-06-01 12:00:00,2026-06-01,昼勤,Line-B,MC-004,包装機,15,195,13,182,93.3,22,173,88.7,段取り替え,11,0
2026-06-01 14:54:51,2026-06-01 06:00:00,2026-06-01 12:00:00,2026-06-01,昼勤,Line-C,MC-005,組立機,20,195,23,172,88.2,76,119,61.0,設備異常,5,0
2026-06-01 14:54:51,2026-06-01 06:00:00,2026-06-01 12:00:00,2026-06-01,昼勤,Line-C,MC-006,圧着機,22,195,17,178,91.3,63,132,67.7,材料待ち,6,0
2026-06-01 19:53:40,2026-06-01 12:00:00,2026-06-01 18:00:00,2026-06-01,夜勤,Line-A,MC-001,切断機,25,315,25,290,92.1,24,291,92.4,清掃,11,0
2026-06-01 19:53:40,2026-06-01 12:00:00,2026-06-01 18:00:00,2026-06-01,夜勤,Line-A,MC-002,加工機,36,315,31,284,90.2,10,305,96.8,チョコ停,8,0
2026-06-01 19:53:40,2026-06-01 12:00:00,2026-06-01 18:00:00,2026-06-01,夜勤,Line-B,MC-003,検査機,20,315,15,300,95.2,6,309,98.1,チョコ停,15,0
2026-06-01 19:53:40,2026-06-01 12:00:00,2026-06-01 18:00:00,2026-06-01,夜勤,Line-B,MC-004,包装機,15,315,22,293,93.0,24,291,92.4,品質確認,19,0
2026-06-01 19:53:40,2026-06-01 12:00:00,2026-06-01 18:00:00,2026-06-01,夜勤,Line-C,MC-005,組立機,20,315,37,278,88.3,18,297,94.3,チョコ停,14,0
2026-06-01 19:53:40,2026-06-01 12:00:00,2026-06-01 18:00:00,2026-06-01,夜勤,Line-C,MC-006,圧着機,22,315,28,287,91.1,15,300,95.2,品質確認,13,0
2026-06-01 22:58:53,2026-06-01 12:00:00,2026-06-01 18:00:00,2026-06-01,夜勤,Line-A,MC-001,切断機,25,315,25,290,92.1,103,212,67.3,設備異常,8,0
2026-06-01 22:58:53,2026-06-01 12:00:00,2026-06-01 18:00:00,2026-06-01,夜勤,Line-A,MC-002,加工機,36,315,31,284,90.2,3,312,99.0,なし,8,0
2026-06-01 22:58:53,2026-06-01 12:00:00,2026-06-01 18:00:00,2026-06-01,夜勤,Line-B,MC-003,検査機,20,315,15,300,95.2,36,279,88.6,段取り替え,13,0
2026-06-01 22:58:53,2026-06-01 12:00:00,2026-06-01 18:00:00,2026-06-01,夜勤,Line-B,MC-004,包装機,15,315,22,293,93.0,34,281,89.2,品質確認,18,0
2026-06-01 22:58:53,2026-06-01 12:00:00,2026-06-01 18:00:00,2026-06-01,夜勤,Line-C,MC-005,組立機,20,315,37,278,88.3,28,287,91.1,清掃,14,0
2026-06-01 22:58:53,2026-06-01 12:00:00,2026-06-01 18:00:00,2026-06-01,夜勤,Line-C,MC-006,圧着機,22,315,28,287,91.1,35,280,88.9,材料待ち,12,0
2026-06-02 07:20:19,2026-06-02 00:00:00,2026-06-02 06:00:00,2026-06-02,昼勤,Line-A,MC-001,切断機,25,315,25,290,92.1,5,310,98.4,チョコ停,12,0
2026-06-02 07:20:19,2026-06-02 00:00:00,2026-06-02 06:00:00,2026-06-02,昼勤,Line-A,MC-002,加工機,36,315,31,284,90.2,3,312,99.0,なし,8,0
2026-06-02 07:20:19,2026-06-02 00:00:00,2026-06-02 06:00:00,2026-06-02,昼勤,Line-B,MC-003,検査機,20,315,15,300,95.2,5,310,98.4,なし,15,0
2026-06-02 07:20:19,2026-06-02 00:00:00,2026-06-02 06:00:00,2026-06-02,昼勤,Line-B,MC-004,包装機,15,315,22,293,93.0,26,289,91.7,品質確認,19,0
2026-06-02 07:20:19,2026-06-02 00:00:00,2026-06-02 06:00:00,2026-06-02,昼勤,Line-C,MC-005,組立機,20,315,37,278,88.3,2,313,99.4,なし,15,0
2026-06-02 07:20:19,2026-06-02 00:00:00,2026-06-02 06:00:00,2026-06-02,昼勤,Line-C,MC-006,圧着機,22,315,28,287,91.1,1,314,99.7,なし,14,0
2026-06-02 12:36:12,2026-06-02 06:00:00,2026-06-02 12:00:00,2026-06-02,昼勤,Line-A,MC-001,切断機,25,315,25,290,92.1,114,201,63.8,設備異常,8,0
2026-06-02 12:36:12,2026-06-02 06:00:00,2026-06-02 12:00:00,2026-06-02,昼勤,Line-A,MC-002,加工機,36,315,31,284,90.2,12,303,96.2,チョコ停,8,0
2026-06-02 12:36:12,2026-06-02 06:00:00,2026-06-02 12:00:00,2026-06-02,昼勤,Line-B,MC-003,検査機,20,315,15,300,95.2,39,276,87.6,材料待ち,13,0
2026-06-02 12:36:12,2026-06-02 06:00:00,2026-06-02 12:00:00,2026-06-02,昼勤,Line-B,MC-004,包装機,15,315,22,293,93.0,31,284,90.2,段取り替え,18,0
2026-06-02 12:36:12,2026-06-02 06:00:00,2026-06-02 12:00:00,2026-06-02,昼勤,Line-C,MC-005,組立機,20,315,37,278,88.3,18,297,94.3,チョコ停,14,0
2026-06-02 12:36:12,2026-06-02 06:00:00,2026-06-02 12:00:00,2026-06-02,昼勤,Line-C,MC-006,圧着機,22,315,28,287,91.1,78,237,75.2,材料待ち,10,0
2026-06-02 18:35:40,2026-06-02 12:00:00,2026-06-02 18:00:00,2026-06-02,夜勤,Line-A,MC-001,切断機,25,315,25,290,92.1,26,289,91.7,清掃,11,0
2026-06-02 18:35:40,2026-06-02 12:00:00,2026-06-02 18:00:00,2026-06-02,夜勤,Line-A,MC-002,加工機,36,315,31,284,90.2,18,297,94.3,品質確認,8,0
2026-06-02 18:35:40,2026-06-02 12:00:00,2026-06-02 18:00:00,2026-06-02,夜勤,Line-B,MC-003,検査機,20,315,15,300,95.2,21,294,93.3,段取り替え,14,0
2026-06-02 18:35:40,2026-06-02 12:00:00,2026-06-02 18:00:00,2026-06-02,夜勤,Line-B,MC-004,包装機,15,315,22,293,93.0,1,314,99.7,なし,20,0
2026-06-02 18:35:40,2026-06-02 12:00:00,2026-06-02 18:00:00,2026-06-02,夜勤,Line-C,MC-005,組立機,20,315,37,278,88.3,74,241,76.5,設備異常,12,0
2026-06-02 18:35:40,2026-06-02 12:00:00,2026-06-02 18:00:00,2026-06-02,夜勤,Line-C,MC-006,圧着機,22,315,28,287,91.1,17,298,94.6,清掃,13,0
2026-06-02 22:56:45,2026-06-02 12:00:00,2026-06-02 18:00:00,2026-06-02,夜勤,Line-A,MC-001,切断機,25,315,25,290,92.1,7,308,97.8,なし,12,0
2026-06-02 22:56:45,2026-06-02 12:00:00,2026-06-02 18:00:00,2026-06-02,夜勤,Line-A,MC-002,加工機,36,315,31,284,90.2,32,283,89.8,材料待ち,7,0
2026-06-02 22:56:45,2026-06-02 12:00:00,2026-06-02 18:00:00,2026-06-02,夜勤,Line-B,MC-003,検査機,20,315,15,300,95.2,10,305,96.8,清掃,15,0
2026-06-02 22:56:45,2026-06-02 12:00:00,2026-06-02 18:00:00,2026-06-02,夜勤,Line-B,MC-004,包装機,15,315,22,293,93.0,73,242,76.8,材料待ち,16,0
2026-06-02 22:56:45,2026-06-02 12:00:00,2026-06-02 18:00:00,2026-06-02,夜勤,Line-C,MC-005,組立機,20,315,37,278,88.3,100,215,68.3,設備異常,10,0
2026-06-02 22:56:45,2026-06-02 12:00:00,2026-06-02 18:00:00,2026-06-02,夜勤,Line-C,MC-006,圧着機,22,315,28,287,91.1,58,257,81.6,材料待ち,11,0
2026-06-03 08:11:43,2026-06-03 00:00:00,2026-06-03 06:00:00,2026-06-03,昼勤,Line-A,MC-001,切断機,25,315,25,290,92.1,29,286,90.8,清掃,11,0
2026-06-03 08:11:43,2026-06-03 00:00:00,2026-06-03 06:00:00,2026-06-03,昼勤,Line-A,MC-002,加工機,36,315,31,284,90.2,18,297,94.3,チョコ停,8,0
2026-06-03 08:11:43,2026-06-03 00:00:00,2026-06-03 06:00:00,2026-06-03,昼勤,Line-B,MC-003,検査機,20,315,15,300,95.2,15,300,95.2,チョコ停,15,0
2026-06-03 08:11:43,2026-06-03 00:00:00,2026-06-03 06:00:00,2026-06-03,昼勤,Line-B,MC-004,包装機,15,315,22,293,93.0,32,283,89.8,段取り替え,18,0
2026-06-03 08:11:43,2026-06-03 00:00:00,2026-06-03 06:00:00,2026-06-03,昼勤,Line-C,MC-005,組立機,20,315,37,278,88.3,22,293,93.0,清掃,14,0
2026-06-03 08:11:43,2026-06-03 00:00:00,2026-06-03 06:00:00,2026-06-03,昼勤,Line-C,MC-006,圧着機,22,315,28,287,91.1,100,215,68.3,設備異常,9,0
2026-06-03 13:12:15,2026-06-03 06:00:00,2026-06-03 12:00:00,2026-06-03,昼勤,Line-A,MC-001,切断機,25,315,25,290,92.1,32,283,89.8,段取り替え,11,0
2026-06-03 13:12:15,2026-06-03 06:00:00,2026-06-03 12:00:00,2026-06-03,昼勤,Line-A,MC-002,加工機,36,315,31,284,90.2,7,308,97.8,チョコ停,8,0
2026-06-03 13:12:15,2026-06-03 06:00:00,2026-06-03 12:00:00,2026-06-03,昼勤,Line-B,MC-003,検査機,20,315,15,300,95.2,31,284,90.2,品質確認,14,0
2026-06-03 13:12:15,2026-06-03 06:00:00,2026-06-03 12:00:00,2026-06-03,昼勤,Line-B,MC-004,包装機,15,315,22,293,93.0,10,305,96.8,なし,20,0
2026-06-03 13:12:15,2026-06-03 06:00:00,2026-06-03 12:00:00,2026-06-03,昼勤,Line-C,MC-005,組立機,20,315,37,278,88.3,8,307,97.5,チョコ停,15,0
2026-06-03 13:12:15,2026-06-03 06:00:00,2026-06-03 12:00:00,2026-06-03,昼勤,Line-C,MC-006,圧着機,22,315,28,287,91.1,25,290,92.1,段取り替え,13,0
2026-06-03 18:41:09,2026-06-03 12:00:00,2026-06-03 18:00:00,2026-06-03,夜勤,Line-A,MC-001,切断機,25,315,25,290,92.1,63,252,80.0,設備異常,10,0
2026-06-03 18:41:09,2026-06-03 12:00:00,2026-06-03 18:00:00,2026-06-03,夜勤,Line-A,MC-002,加工機,36,315,31,284,90.2,63,252,80.0,設備異常,7,0
2026-06-03 18:41:09,2026-06-03 12:00:00,2026-06-03 18:00:00,2026-06-03,夜勤,Line-B,MC-003,検査機,20,315,15,300,95.2,11,304,96.5,チョコ停,15,0
2026-06-03 18:41:09,2026-06-03 12:00:00,2026-06-03 18:00:00,2026-06-03,夜勤,Line-B,MC-004,包装機,15,315,22,293,93.0,29,286,90.8,品質確認,19,0
2026-06-03 18:41:09,2026-06-03 12:00:00,2026-06-03 18:00:00,2026-06-03,夜勤,Line-C,MC-005,組立機,20,315,37,278,88.3,20,295,93.7,清掃,14,0
2026-06-03 18:41:09,2026-06-03 12:00:00,2026-06-03 18:00:00,2026-06-03,夜勤,Line-C,MC-006,圧着機,22,315,28,287,91.1,10,305,96.8,清掃,13,0
2026-06-03 23:00:21,2026-06-03 12:00:00,2026-06-03 18:00:00,2026-06-03,夜勤,Line-A,MC-001,切断機,25,315,25,290,92.1,38,277,87.9,品質確認,11,0
2026-06-03 23:00:21,2026-06-03 12:00:00,2026-06-03 18:00:00,2026-06-03,夜勤,Line-A,MC-002,加工機,36,315,31,284,90.2,66,249,79.0,設備異常,6,0
2026-06-03 23:00:21,2026-06-03 12:00:00,2026-06-03 18:00:00,2026-06-03,夜勤,Line-B,MC-003,検査機,20,315,15,300,95.2,17,298,94.6,品質確認,14,0
2026-06-03 23:00:21,2026-06-03 12:00:00,2026-06-03 18:00:00,2026-06-03,夜勤,Line-B,MC-004,包装機,15,315,22,293,93.0,105,210,66.7,設備異常,14,0
2026-06-03 23:00:21,2026-06-03 12:00:00,2026-06-03 18:00:00,2026-06-03,夜勤,Line-C,MC-005,組立機,20,315,37,278,88.3,7,308,97.8,なし,15,0
2026-06-03 23:00:21,2026-06-03 12:00:00,2026-06-03 18:00:00,2026-06-03,夜勤,Line-C,MC-006,圧着機,22,315,28,287,91.1,5,310,98.4,チョコ停,14,0
2026-06-04 07:20:31,2026-06-04 00:00:00,2026-06-04 06:00:00,2026-06-04,昼勤,Line-A,MC-001,切断機,25,315,25,290,92.1,10,305,96.8,チョコ停,12,0
2026-06-04 07:20:31,2026-06-04 00:00:00,2026-06-04 06:00:00,2026-06-04,昼勤,Line-A,MC-002,加工機,36,315,31,284,90.2,6,309,98.1,チョコ停,8,0
2026-06-04 07:20:31,2026-06-04 00:00:00,2026-06-04 06:00:00,2026-06-04,昼勤,Line-B,MC-003,検査機,20,315,15,300,95.2,30,285,90.5,清掃,14,0
2026-06-04 07:20:31,2026-06-04 00:00:00,2026-06-04 06:00:00,2026-06-04,昼勤,Line-B,MC-004,包装機,15,315,22,293,93.0,14,301,95.6,チョコ停,20,0
2026-06-04 07:20:31,2026-06-04 00:00:00,2026-06-04 06:00:00,2026-06-04,昼勤,Line-C,MC-005,組立機,20,315,37,278,88.3,16,299,94.9,品質確認,14,0
2026-06-04 07:20:31,2026-06-04 00:00:00,2026-06-04 06:00:00,2026-06-04,昼勤,Line-C,MC-006,圧着機,22,315,28,287,91.1,42,273,86.7,段取り替え,12,0
2026-06-04 11:46:21,2026-06-04 00:00:00,2026-06-04 06:00:00,2026-06-04,昼勤,Line-A,MC-001,切断機,25,315,25,290,92.1,10,305,96.8,清掃,12,0
2026-06-04 11:46:21,2026-06-04 00:00:00,2026-06-04 06:00:00,2026-06-04,昼勤,Line-A,MC-002,加工機,36,315,31,284,90.2,41,274,87.0,段取り替え,7,0
2026-06-04 11:46:21,2026-06-04 00:00:00,2026-06-04 06:00:00,2026-06-04,昼勤,Line-B,MC-003,検査機,20,315,15,300,95.2,0,315,100.0,なし,15,0
2026-06-04 11:46:21,2026-06-04 00:00:00,2026-06-04 06:00:00,2026-06-04,昼勤,Line-B,MC-004,包装機,15,315,22,293,93.0,26,289,91.7,段取り替え,19,0
2026-06-04 11:46:21,2026-06-04 00:00:00,2026-06-04 06:00:00,2026-06-04,昼勤,Line-C,MC-005,組立機,20,315,37,278,88.3,10,305,96.8,清掃,15,0
2026-06-04 11:46:21,2026-06-04 00:00:00,2026-06-04 06:00:00,2026-06-04,昼勤,Line-C,MC-006,圧着機,22,315,28,287,91.1,19,296,94.0,チョコ停,13,0
2026-06-04 17:40:33,2026-06-04 06:00:00,2026-06-04 12:00:00,2026-06-04,昼勤,Line-A,MC-001,切断機,25,315,25,290,92.1,31,284,90.2,品質確認,11,0
2026-06-04 17:40:33,2026-06-04 06:00:00,2026-06-04 12:00:00,2026-06-04,昼勤,Line-A,MC-002,加工機,36,315,31,284,90.2,10,305,96.8,清掃,8,0
2026-06-04 17:40:33,2026-06-04 06:00:00,2026-06-04 12:00:00,2026-06-04,昼勤,Line-B,MC-003,検査機,20,315,15,300,95.2,12,303,96.2,チョコ停,15,0
2026-06-04 17:40:33,2026-06-04 06:00:00,2026-06-04 12:00:00,2026-06-04,昼勤,Line-B,MC-004,包装機,15,315,22,293,93.0,12,303,96.2,チョコ停,20,0
2026-06-04 17:40:33,2026-06-04 06:00:00,2026-06-04 12:00:00,2026-06-04,昼勤,Line-C,MC-005,組立機,20,315,37,278,88.3,52,263,83.5,材料待ち,13,0
2026-06-04 17:40:33,2026-06-04 06:00:00,2026-06-04 12:00:00,2026-06-04,昼勤,Line-C,MC-006,圧着機,22,315,28,287,91.1,5,310,98.4,チョコ停,14,0
2026-06-04 22:17:29,2026-06-04 12:00:00,2026-06-04 18:00:00,2026-06-04,夜勤,Line-A,MC-001,切断機,25,315,25,290,92.1,102,213,67.6,設備異常,8,0
2026-06-04 22:17:29,2026-06-04 12:00:00,2026-06-04 18:00:00,2026-06-04,夜勤,Line-A,MC-002,加工機,36,315,31,284,90.2,76,239,75.9,設備異常,6,0
2026-06-04 22:17:29,2026-06-04 12:00:00,2026-06-04 18:00:00,2026-06-04,夜勤,Line-B,MC-003,検査機,20,315,15,300,95.2,13,302,95.9,清掃,15,0
2026-06-04 22:17:29,2026-06-04 12:00:00,2026-06-04 18:00:00,2026-06-04,夜勤,Line-B,MC-004,包装機,15,315,22,293,93.0,28,287,91.1,清掃,19,0
2026-06-04 22:17:29,2026-06-04 12:00:00,2026-06-04 18:00:00,2026-06-04,夜勤,Line-C,MC-005,組立機,20,315,37,278,88.3,43,272,86.3,段取り替え,13,0
2026-06-04 22:17:29,2026-06-04 12:00:00,2026-06-04 18:00:00,2026-06-04,夜勤,Line-C,MC-006,圧着機,22,315,28,287,91.1,24,291,92.4,品質確認,13,0
2026-06-05 07:02:48,2026-06-05 00:00:00,2026-06-05 06:00:00,2026-06-05,昼勤,Line-A,MC-001,切断機,25,315,25,290,92.1,73,242,76.8,設備異常,9,0
2026-06-05 07:02:48,2026-06-05 00:00:00,2026-06-05 06:00:00,2026-06-05,昼勤,Line-A,MC-002,加工機,36,315,31,284,90.2,9,306,97.1,なし,8,0
2026-06-05 07:02:48,2026-06-05 00:00:00,2026-06-05 06:00:00,2026-06-05,昼勤,Line-B,MC-003,検査機,20,315,15,300,95.2,10,305,96.8,清掃,15,0
2026-06-05 07:02:48,2026-06-05 00:00:00,2026-06-05 06:00:00,2026-06-05,昼勤,Line-B,MC-004,包装機,15,315,22,293,93.0,21,294,93.3,段取り替え,19,0
2026-06-05 07:02:48,2026-06-05 00:00:00,2026-06-05 06:00:00,2026-06-05,昼勤,Line-C,MC-005,組立機,20,315,37,278,88.3,29,286,90.8,清掃,14,0
2026-06-05 07:02:48,2026-06-05 00:00:00,2026-06-05 06:00:00,2026-06-05,昼勤,Line-C,MC-006,圧着機,22,315,28,287,91.1,37,278,88.3,材料待ち,12,0
2026-06-05 11:57:41,2026-06-05 00:00:00,2026-06-05 06:00:00,2026-06-05,昼勤,Line-A,MC-001,切断機,25,315,25,290,92.1,62,253,80.3,材料待ち,10,0
2026-06-05 11:57:41,2026-06-05 00:00:00,2026-06-05 06:00:00,2026-06-05,昼勤,Line-A,MC-002,加工機,36,315,31,284,90.2,34,281,89.2,品質確認,7,0
2026-06-05 11:57:41,2026-06-05 00:00:00,2026-06-05 06:00:00,2026-06-05,昼勤,Line-B,MC-003,検査機,20,315,15,300,95.2,11,304,96.5,チョコ停,15,0
2026-06-05 11:57:41,2026-06-05 00:00:00,2026-06-05 06:00:00,2026-06-05,昼勤,Line-B,MC-004,包装機,15,315,22,293,93.0,12,303,96.2,清掃,20,0
2026-06-05 11:57:41,2026-06-05 00:00:00,2026-06-05 06:00:00,2026-06-05,昼勤,Line-C,MC-005,組立機,20,315,37,278,88.3,103,212,67.3,設備異常,10,0
2026-06-05 11:57:41,2026-06-05 00:00:00,2026-06-05 06:00:00,2026-06-05,昼勤,Line-C,MC-006,圧着機,22,315,28,287,91.1,58,257,81.6,材料待ち,11,0
2026-06-05 17:10:18,2026-06-05 06:00:00,2026-06-05 12:00:00,2026-06-05,昼勤,Line-A,MC-001,切断機,25,315,25,290,92.1,2,313,99.4,なし,12,0
2026-06-05 17:10:18,2026-06-05 06:00:00,2026-06-05 12:00:00,2026-06-05,昼勤,Line-A,MC-002,加工機,36,315,31,284,90.2,24,291,92.4,品質確認,8,0
2026-06-05 17:10:18,2026-06-05 06:00:00,2026-06-05 12:00:00,2026-06-05,昼勤,Line-B,MC-003,検査機,20,315,15,300,95.2,60,255,81.0,設備異常,12,0
2026-06-05 17:10:18,2026-06-05 06:00:00,2026-06-05 12:00:00,2026-06-05,昼勤,Line-B,MC-004,包装機,15,315,22,293,93.0,7,308,97.8,なし,20,0
2026-06-05 17:10:18,2026-06-05 06:00:00,2026-06-05 12:00:00,2026-06-05,昼勤,Line-C,MC-005,組立機,20,315,37,278,88.3,9,306,97.1,チョコ停,15,0
2026-06-05 17:10:18,2026-06-05 06:00:00,2026-06-05 12:00:00,2026-06-05,昼勤,Line-C,MC-006,圧着機,22,315,28,287,91.1,21,294,93.3,清掃,13,0
2026-06-05 22:11:55,2026-06-05 12:00:00,2026-06-05 18:00:00,2026-06-05,夜勤,Line-A,MC-001,切断機,25,315,25,290,92.1,21,294,93.3,段取り替え,11,0
2026-06-05 22:11:55,2026-06-05 12:00:00,2026-06-05 18:00:00,2026-06-05,夜勤,Line-A,MC-002,加工機,36,315,31,284,90.2,38,277,87.9,品質確認,7,0
2026-06-05 22:11:55,2026-06-05 12:00:00,2026-06-05 18:00:00,2026-06-05,夜勤,Line-B,MC-003,検査機,20,315,15,300,95.2,73,242,76.8,設備異常,12,0
2026-06-05 22:11:55,2026-06-05 12:00:00,2026-06-05 18:00:00,2026-06-05,夜勤,Line-B,MC-004,包装機,15,315,22,293,93.0,16,299,94.9,清掃,19,0
2026-06-05 22:11:55,2026-06-05 12:00:00,2026-06-05 18:00:00,2026-06-05,夜勤,Line-C,MC-005,組立機,20,315,37,278,88.3,14,301,95.6,清掃,15,0
2026-06-05 22:11:55,2026-06-05 12:00:00,2026-06-05 18:00:00,2026-06-05,夜勤,Line-C,MC-006,圧着機,22,315,28,287,91.1,19,296,94.0,品質確認,13,0
2026-06-06 06:24:08,2026-06-06 00:00:00,2026-06-06 06:00:00,2026-06-06,昼勤,Line-A,MC-001,切断機,25,315,25,290,92.1,0,315,100.0,なし,12,0
2026-06-06 06:24:08,2026-06-06 00:00:00,2026-06-06 06:00:00,2026-06-06,昼勤,Line-A,MC-002,加工機,36,315,31,284,90.2,91,224,71.1,設備異常,6,0
2026-06-06 06:24:08,2026-06-06 00:00:00,2026-06-06 06:00:00,2026-06-06,昼勤,Line-B,MC-003,検査機,20,315,15,300,95.2,78,237,75.2,設備異常,11,0
2026-06-06 06:24:08,2026-06-06 00:00:00,2026-06-06 06:00:00,2026-06-06,昼勤,Line-B,MC-004,包装機,15,315,22,293,93.0,44,271,86.0,段取り替え,18,0
2026-06-06 06:24:08,2026-06-06 00:00:00,2026-06-06 06:00:00,2026-06-06,昼勤,Line-C,MC-005,組立機,20,315,37,278,88.3,30,285,90.5,品質確認,14,0
2026-06-06 06:24:08,2026-06-06 00:00:00,2026-06-06 06:00:00,2026-06-06,昼勤,Line-C,MC-006,圧着機,22,315,28,287,91.1,50,265,84.1,段取り替え,12,0
2026-06-06 10:51:04,2026-06-06 00:00:00,2026-06-06 06:00:00,2026-06-06,昼勤,Line-A,MC-001,切断機,25,315,25,290,92.1,108,207,65.7,設備異常,8,0
2026-06-06 10:51:04,2026-06-06 00:00:00,2026-06-06 06:00:00,2026-06-06,昼勤,Line-A,MC-002,加工機,36,315,31,284,90.2,76,239,75.9,設備異常,6,0
2026-06-06 10:51:04,2026-06-06 00:00:00,2026-06-06 06:00:00,2026-06-06,昼勤,Line-B,MC-003,検査機,20,315,15,300,95.2,18,297,94.3,チョコ停,14,0
2026-06-06 10:51:04,2026-06-06 00:00:00,2026-06-06 06:00:00,2026-06-06,昼勤,Line-B,MC-004,包装機,15,315,22,293,93.0,29,286,90.8,清掃,19,0
2026-06-06 10:51:04,2026-06-06 00:00:00,2026-06-06 06:00:00,2026-06-06,昼勤,Line-C,MC-005,組立機,20,315,37,278,88.3,16,299,94.9,品質確認,14,0
2026-06-06 10:51:04,2026-06-06 00:00:00,2026-06-06 06:00:00,2026-06-06,昼勤,Line-C,MC-006,圧着機,22,315,28,287,91.1,45,270,85.7,段取り替え,12,0
2026-06-06 16:03:13,2026-06-06 06:00:00,2026-06-06 12:00:00,2026-06-06,昼勤,Line-A,MC-001,切断機,25,315,25,290,92.1,77,238,75.6,材料待ち,9,0
2026-06-06 16:03:13,2026-06-06 06:00:00,2026-06-06 12:00:00,2026-06-06,昼勤,Line-A,MC-002,加工機,36,315,31,284,90.2,97,218,69.2,設備異常,6,0
2026-06-06 16:03:13,2026-06-06 06:00:00,2026-06-06 12:00:00,2026-06-06,昼勤,Line-B,MC-003,検査機,20,315,15,300,95.2,43,272,86.3,段取り替え,13,0
2026-06-06 16:03:13,2026-06-06 06:00:00,2026-06-06 12:00:00,2026-06-06,昼勤,Line-B,MC-004,包装機,15,315,22,293,93.0,40,275,87.3,材料待ち,18,0
2026-06-06 16:03:13,2026-06-06 06:00:00,2026-06-06 12:00:00,2026-06-06,昼勤,Line-C,MC-005,組立機,20,315,37,278,88.3,35,280,88.9,段取り替え,14,0
2026-06-06 16:03:13,2026-06-06 06:00:00,2026-06-06 12:00:00,2026-06-06,昼勤,Line-C,MC-006,圧着機,22,315,28,287,91.1,112,203,64.4,設備異常,9,0
2026-06-06 21:59:21,2026-06-06 12:00:00,2026-06-06 18:00:00,2026-06-06,夜勤,Line-A,MC-001,切断機,25,315,25,290,92.1,15,300,95.2,チョコ停,12,0
2026-06-06 21:59:21,2026-06-06 12:00:00,2026-06-06 18:00:00,2026-06-06,夜勤,Line-A,MC-002,加工機,36,315,31,284,90.2,15,300,95.2,清掃,8,0
2026-06-06 21:59:21,2026-06-06 12:00:00,2026-06-06 18:00:00,2026-06-06,夜勤,Line-B,MC-003,検査機,20,315,15,300,95.2,0,315,100.0,なし,15,0
2026-06-06 21:59:21,2026-06-06 12:00:00,2026-06-06 18:00:00,2026-06-06,夜勤,Line-B,MC-004,包装機,15,315,22,293,93.0,19,296,94.0,品質確認,19,0
2026-06-06 21:59:21,2026-06-06 12:00:00,2026-06-06 18:00:00,2026-06-06,夜勤,Line-C,MC-005,組立機,20,315,37,278,88.3,24,291,92.4,品質確認,14,0
2026-06-06 21:59:21,2026-06-06 12:00:00,2026-06-06 18:00:00,2026-06-06,夜勤,Line-C,MC-006,圧着機,22,315,28,287,91.1,14,301,95.6,清掃,13,0
2026-06-08 07:26:20,2026-06-08 00:00:00,2026-06-08 06:00:00,2026-06-08,昼勤,Line-A,MC-001,切断機,25,315,25,290,92.1,18,297,94.3,チョコ停,11,0
2026-06-08 07:26:20,2026-06-08 00:00:00,2026-06-08 06:00:00,2026-06-08,昼勤,Line-A,MC-002,加工機,36,315,31,284,90.2,27,288,91.4,清掃,8,0
2026-06-08 07:26:20,2026-06-08 00:00:00,2026-06-08 06:00:00,2026-06-08,昼勤,Line-B,MC-003,検査機,20,315,15,300,95.2,16,299,94.9,品質確認,14,0
2026-06-08 07:26:20,2026-06-08 00:00:00,2026-06-08 06:00:00,2026-06-08,昼勤,Line-B,MC-004,包装機,15,315,22,293,93.0,32,283,89.8,品質確認,18,0
2026-06-08 07:26:20,2026-06-08 00:00:00,2026-06-08 06:00:00,2026-06-08,昼勤,Line-C,MC-005,組立機,20,315,37,278,88.3,19,296,94.0,チョコ停,14,0
2026-06-08 07:26:20,2026-06-08 00:00:00,2026-06-08 06:00:00,2026-06-08,昼勤,Line-C,MC-006,圧着機,22,315,28,287,91.1,4,311,98.7,なし,14,0
2026-06-08 13:01:18,2026-06-08 06:00:00,2026-06-08 12:00:00,2026-06-08,昼勤,Line-A,MC-001,切断機,25,195,15,180,92.3,22,173,88.7,清掃,6,0
2026-06-08 13:01:18,2026-06-08 06:00:00,2026-06-08 12:00:00,2026-06-08,昼勤,Line-A,MC-002,加工機,36,195,19,176,90.3,50,145,74.4,材料待ち,4,0
2026-06-08 13:01:18,2026-06-08 06:00:00,2026-06-08 12:00:00,2026-06-08,昼勤,Line-B,MC-003,検査機,20,195,9,186,95.4,20,175,89.7,段取り替え,8,0
2026-06-08 13:01:18,2026-06-08 06:00:00,2026-06-08 12:00:00,2026-06-08,昼勤,Line-B,MC-004,包装機,15,195,13,182,93.3,70,125,64.1,材料待ち,8,0
2026-06-08 13:01:18,2026-06-08 06:00:00,2026-06-08 12:00:00,2026-06-08,昼勤,Line-C,MC-005,組立機,20,195,23,172,88.2,51,144,73.8,材料待ち,7,0
2026-06-08 13:01:18,2026-06-08 06:00:00,2026-06-08 12:00:00,2026-06-08,昼勤,Line-C,MC-006,圧着機,22,195,17,178,91.3,97,98,50.3,設備異常,4,0
2026-06-08 17:46:58,2026-06-08 06:00:00,2026-06-08 12:00:00,2026-06-08,昼勤,Line-A,MC-001,切断機,25,195,15,180,92.3,65,130,66.7,材料待ち,5,0
2026-06-08 17:46:58,2026-06-08 06:00:00,2026-06-08 12:00:00,2026-06-08,昼勤,Line-A,MC-002,加工機,36,195,19,176,90.3,3,192,98.5,なし,5,0
2026-06-08 17:46:58,2026-06-08 06:00:00,2026-06-08 12:00:00,2026-06-08,昼勤,Line-B,MC-003,検査機,20,195,9,186,95.4,19,176,90.3,チョコ停,8,0
2026-06-08 17:46:58,2026-06-08 06:00:00,2026-06-08 12:00:00,2026-06-08,昼勤,Line-B,MC-004,包装機,15,195,13,182,93.3,39,156,80.0,段取り替え,10,0
2026-06-08 17:46:58,2026-06-08 06:00:00,2026-06-08 12:00:00,2026-06-08,昼勤,Line-C,MC-005,組立機,20,195,23,172,88.2,7,188,96.4,チョコ停,9,0
2026-06-08 17:46:58,2026-06-08 06:00:00,2026-06-08 12:00:00,2026-06-08,昼勤,Line-C,MC-006,圧着機,22,195,17,178,91.3,104,91,46.7,設備異常,4,0
2026-06-08 22:20:53,2026-06-08 12:00:00,2026-06-08 18:00:00,2026-06-08,夜勤,Line-A,MC-001,切断機,25,315,25,290,92.1,17,298,94.6,品質確認,11,0
2026-06-08 22:20:53,2026-06-08 12:00:00,2026-06-08 18:00:00,2026-06-08,夜勤,Line-A,MC-002,加工機,36,315,31,284,90.2,12,303,96.2,チョコ停,8,0
2026-06-08 22:20:53,2026-06-08 12:00:00,2026-06-08 18:00:00,2026-06-08,夜勤,Line-B,MC-003,検査機,20,315,15,300,95.2,6,309,98.1,チョコ停,15,0
2026-06-08 22:20:53,2026-06-08 12:00:00,2026-06-08 18:00:00,2026-06-08,夜勤,Line-B,MC-004,包装機,15,315,22,293,93.0,90,225,71.4,設備異常,15,0
2026-06-08 22:20:53,2026-06-08 12:00:00,2026-06-08 18:00:00,2026-06-08,夜勤,Line-C,MC-005,組立機,20,315,37,278,88.3,81,234,74.3,設備異常,11,0
2026-06-08 22:20:53,2026-06-08 12:00:00,2026-06-08 18:00:00,2026-06-08,夜勤,Line-C,MC-006,圧着機,22,315,28,287,91.1,50,265,84.1,材料待ち,12,0
2026-06-09 06:43:11,2026-06-09 00:00:00,2026-06-09 06:00:00,2026-06-09,昼勤,Line-A,MC-001,切断機,25,315,25,290,92.1,6,309,98.1,チョコ停,12,0
2026-06-09 06:43:11,2026-06-09 00:00:00,2026-06-09 06:00:00,2026-06-09,昼勤,Line-A,MC-002,加工機,36,315,31,284,90.2,18,297,94.3,品質確認,8,0
2026-06-09 06:43:11,2026-06-09 00:00:00,2026-06-09 06:00:00,2026-06-09,昼勤,Line-B,MC-003,検査機,20,315,15,300,95.2,5,310,98.4,なし,15,0
2026-06-09 06:43:11,2026-06-09 00:00:00,2026-06-09 06:00:00,2026-06-09,昼勤,Line-B,MC-004,包装機,15,315,22,293,93.0,29,286,90.8,清掃,19,0
2026-06-09 06:43:11,2026-06-09 00:00:00,2026-06-09 06:00:00,2026-06-09,昼勤,Line-C,MC-005,組立機,20,315,37,278,88.3,12,303,96.2,清掃,15,0
2026-06-09 06:43:11,2026-06-09 00:00:00,2026-06-09 06:00:00,2026-06-09,昼勤,Line-C,MC-006,圧着機,22,315,28,287,91.1,78,237,75.2,材料待ち,10,0
2026-06-09 11:55:11,2026-06-09 00:00:00,2026-06-09 06:00:00,2026-06-09,昼勤,Line-A,MC-001,切断機,25,315,25,290,92.1,5,310,98.4,チョコ停,12,0
2026-06-09 11:55:11,2026-06-09 00:00:00,2026-06-09 06:00:00,2026-06-09,昼勤,Line-A,MC-002,加工機,36,315,31,284,90.2,15,300,95.2,チョコ停,8,0
2026-06-09 11:55:11,2026-06-09 00:00:00,2026-06-09 06:00:00,2026-06-09,昼勤,Line-B,MC-003,検査機,20,315,15,300,95.2,59,256,81.3,材料待ち,12,0
2026-06-09 11:55:11,2026-06-09 00:00:00,2026-06-09 06:00:00,2026-06-09,昼勤,Line-B,MC-004,包装機,15,315,22,293,93.0,19,296,94.0,清掃,19,0
2026-06-09 11:55:11,2026-06-09 00:00:00,2026-06-09 06:00:00,2026-06-09,昼勤,Line-C,MC-005,組立機,20,315,37,278,88.3,120,195,61.9,設備異常,9,0
2026-06-09 11:55:11,2026-06-09 00:00:00,2026-06-09 06:00:00,2026-06-09,昼勤,Line-C,MC-006,圧着機,22,315,28,287,91.1,19,296,94.0,チョコ停,13,0
2026-06-09 17:20:44,2026-06-09 06:00:00,2026-06-09 12:00:00,2026-06-09,昼勤,Line-A,MC-001,切断機,25,315,25,290,92.1,45,270,85.7,段取り替え,10,0
2026-06-09 17:20:44,2026-06-09 06:00:00,2026-06-09 12:00:00,2026-06-09,昼勤,Line-A,MC-002,加工機,36,315,31,284,90.2,11,304,96.5,チョコ停,8,0
2026-06-09 17:20:44,2026-06-09 06:00:00,2026-06-09 12:00:00,2026-06-09,昼勤,Line-B,MC-003,検査機,20,315,15,300,95.2,29,286,90.8,段取り替え,14,0
2026-06-09 17:20:44,2026-06-09 06:00:00,2026-06-09 12:00:00,2026-06-09,昼勤,Line-B,MC-004,包装機,15,315,22,293,93.0,118,197,62.5,設備異常,13,0
2026-06-09 17:20:44,2026-06-09 06:00:00,2026-06-09 12:00:00,2026-06-09,昼勤,Line-C,MC-005,組立機,20,315,37,278,88.3,19,296,94.0,清掃,14,0
2026-06-09 17:20:44,2026-06-09 06:00:00,2026-06-09 12:00:00,2026-06-09,昼勤,Line-C,MC-006,圧着機,22,315,28,287,91.1,28,287,91.1,段取り替え,13,0
2026-06-09 22:19:05,2026-06-09 12:00:00,2026-06-09 18:00:00,2026-06-09,夜勤,Line-A,MC-001,切断機,25,315,25,290,92.1,72,243,77.1,設備異常,9,0
2026-06-09 22:19:05,2026-06-09 12:00:00,2026-06-09 18:00:00,2026-06-09,夜勤,Line-A,MC-002,加工機,36,315,31,284,90.2,10,305,96.8,なし,8,0
2026-06-09 22:19:05,2026-06-09 12:00:00,2026-06-09 18:00:00,2026-06-09,夜勤,Line-B,MC-003,検査機,20,315,15,300,95.2,92,223,70.8,設備異常,11,0
2026-06-09 22:19:05,2026-06-09 12:00:00,2026-06-09 18:00:00,2026-06-09,夜勤,Line-B,MC-004,包装機,15,315,22,293,93.0,29,286,90.8,清掃,19,0
2026-06-09 22:19:05,2026-06-09 12:00:00,2026-06-09 18:00:00,2026-06-09,夜勤,Line-C,MC-005,組立機,20,315,37,278,88.3,8,307,97.5,なし,15,0
2026-06-09 22:19:05,2026-06-09 12:00:00,2026-06-09 18:00:00,2026-06-09,夜勤,Line-C,MC-006,圧着機,22,315,28,287,91.1,90,225,71.4,設備異常,10,0
2026-06-10 07:03:35,2026-06-10 00:00:00,2026-06-10 06:00:00,2026-06-10,昼勤,Line-A,MC-001,切断機,25,315,25,290,92.1,23,292,92.7,段取り替え,11,0
2026-06-10 07:03:35,2026-06-10 00:00:00,2026-06-10 06:00:00,2026-06-10,昼勤,Line-A,MC-002,加工機,36,315,31,284,90.2,47,268,85.1,段取り替え,7,0
2026-06-10 07:03:35,2026-06-10 00:00:00,2026-06-10 06:00:00,2026-06-10,昼勤,Line-B,MC-003,検査機,20,315,15,300,95.2,22,293,93.0,段取り替え,14,0
2026-06-10 07:03:35,2026-06-10 00:00:00,2026-06-10 06:00:00,2026-06-10,昼勤,Line-B,MC-004,包装機,15,315,22,293,93.0,19,296,94.0,チョコ停,19,0
2026-06-10 07:03:35,2026-06-10 00:00:00,2026-06-10 06:00:00,2026-06-10,昼勤,Line-C,MC-005,組立機,20,315,37,278,88.3,4,311,98.7,なし,15,0
2026-06-10 07:03:35,2026-06-10 00:00:00,2026-06-10 06:00:00,2026-06-10,昼勤,Line-C,MC-006,圧着機,22,315,28,287,91.1,31,284,90.2,品質確認,12,0
2026-06-10 12:16:17,2026-06-10 06:00:00,2026-06-10 12:00:00,2026-06-10,昼勤,Line-A,MC-001,切断機,25,315,25,290,92.1,69,246,78.1,材料待ち,9,0
2026-06-10 12:16:17,2026-06-10 06:00:00,2026-06-10 12:00:00,2026-06-10,昼勤,Line-A,MC-002,加工機,36,315,31,284,90.2,20,295,93.7,清掃,8,0
2026-06-10 12:16:17,2026-06-10 06:00:00,2026-06-10 12:00:00,2026-06-10,昼勤,Line-B,MC-003,検査機,20,315,15,300,95.2,37,278,88.3,段取り替え,13,0
2026-06-10 12:16:17,2026-06-10 06:00:00,2026-06-10 12:00:00,2026-06-10,昼勤,Line-B,MC-004,包装機,15,315,22,293,93.0,68,247,78.4,材料待ち,16,0
2026-06-10 12:16:17,2026-06-10 06:00:00,2026-06-10 12:00:00,2026-06-10,昼勤,Line-C,MC-005,組立機,20,315,37,278,88.3,10,305,96.8,チョコ停,15,0
2026-06-10 12:16:17,2026-06-10 06:00:00,2026-06-10 12:00:00,2026-06-10,昼勤,Line-C,MC-006,圧着機,22,315,28,287,91.1,6,309,98.1,チョコ停,14,0
2026-06-10 17:53:46,2026-06-10 06:00:00,2026-06-10 12:00:00,2026-06-10,昼勤,Line-A,MC-001,切断機,25,315,25,290,92.1,11,304,96.5,チョコ停,12,0
2026-06-10 17:53:46,2026-06-10 06:00:00,2026-06-10 12:00:00,2026-06-10,昼勤,Line-A,MC-002,加工機,36,315,31,284,90.2,62,253,80.3,材料待ち,7,0
2026-06-10 17:53:46,2026-06-10 06:00:00,2026-06-10 12:00:00,2026-06-10,昼勤,Line-B,MC-003,検査機,20,315,15,300,95.2,70,245,77.8,設備異常,12,0
2026-06-10 17:53:46,2026-06-10 06:00:00,2026-06-10 12:00:00,2026-06-10,昼勤,Line-B,MC-004,包装機,15,315,22,293,93.0,6,309,98.1,なし,20,0
2026-06-10 17:53:46,2026-06-10 06:00:00,2026-06-10 12:00:00,2026-06-10,昼勤,Line-C,MC-005,組立機,20,315,37,278,88.3,16,299,94.9,チョコ停,14,0
2026-06-10 17:53:46,2026-06-10 06:00:00,2026-06-10 12:00:00,2026-06-10,昼勤,Line-C,MC-006,圧着機,22,315,28,287,91.1,31,284,90.2,段取り替え,12,0
2026-06-10 22:49:40,2026-06-10 12:00:00,2026-06-10 18:00:00,2026-06-10,夜勤,Line-A,MC-001,切断機,25,315,25,290,92.1,8,307,97.5,なし,12,0
2026-06-10 22:49:40,2026-06-10 12:00:00,2026-06-10 18:00:00,2026-06-10,夜勤,Line-A,MC-002,加工機,36,315,31,284,90.2,46,269,85.4,材料待ち,7,0
2026-06-10 22:49:40,2026-06-10 12:00:00,2026-06-10 18:00:00,2026-06-10,夜勤,Line-B,MC-003,検査機,20,315,15,300,95.2,25,290,92.1,品質確認,14,0
2026-06-10 22:49:40,2026-06-10 12:00:00,2026-06-10 18:00:00,2026-06-10,夜勤,Line-B,MC-004,包装機,15,315,22,293,93.0,82,233,74.0,設備異常,15,0
2026-06-10 22:49:40,2026-06-10 12:00:00,2026-06-10 18:00:00,2026-06-10,夜勤,Line-C,MC-005,組立機,20,315,37,278,88.3,18,297,94.3,チョコ停,14,0
2026-06-10 22:49:40,2026-06-10 12:00:00,2026-06-10 18:00:00,2026-06-10,夜勤,Line-C,MC-006,圧着機,22,315,28,287,91.1,63,252,80.0,材料待ち,11,0
2026-06-11 07:26:06,2026-06-11 00:00:00,2026-06-11 06:00:00,2026-06-11,昼勤,Line-A,MC-001,切断機,25,315,25,290,92.1,17,298,94.6,品質確認,11,0
2026-06-11 07:26:06,2026-06-11 00:00:00,2026-06-11 06:00:00,2026-06-11,昼勤,Line-A,MC-002,加工機,36,315,31,284,90.2,39,276,87.6,品質確認,7,0
2026-06-11 07:26:06,2026-06-11 00:00:00,2026-06-11 06:00:00,2026-06-11,昼勤,Line-B,MC-003,検査機,20,315,15,300,95.2,42,273,86.7,材料待ち,13,0
2026-06-11 07:26:06,2026-06-11 00:00:00,2026-06-11 06:00:00,2026-06-11,昼勤,Line-B,MC-004,包装機,15,315,22,293,93.0,97,218,69.2,設備異常,14,0
2026-06-11 07:26:06,2026-06-11 00:00:00,2026-06-11 06:00:00,2026-06-11,昼勤,Line-C,MC-005,組立機,20,315,37,278,88.3,6,309,98.1,チョコ停,15,0
2026-06-11 07:26:06,2026-06-11 00:00:00,2026-06-11 06:00:00,2026-06-11,昼勤,Line-C,MC-006,圧着機,22,315,28,287,91.1,28,287,91.1,段取り替え,13,0
2026-06-11 12:38:37,2026-06-11 06:00:00,2026-06-11 12:00:00,2026-06-11,昼勤,Line-A,MC-001,切断機,25,315,25,290,92.1,37,278,88.3,段取り替え,11,0
2026-06-11 12:38:37,2026-06-11 06:00:00,2026-06-11 12:00:00,2026-06-11,昼勤,Line-A,MC-002,加工機,36,315,31,284,90.2,71,244,77.5,材料待ち,6,0
2026-06-11 12:38:37,2026-06-11 06:00:00,2026-06-11 12:00:00,2026-06-11,昼勤,Line-B,MC-003,検査機,20,315,15,300,95.2,117,198,62.9,設備異常,9,0
2026-06-11 12:38:37,2026-06-11 06:00:00,2026-06-11 12:00:00,2026-06-11,昼勤,Line-B,MC-004,包装機,15,315,22,293,93.0,65,250,79.4,材料待ち,16,0
2026-06-11 12:38:37,2026-06-11 06:00:00,2026-06-11 12:00:00,2026-06-11,昼勤,Line-C,MC-005,組立機,20,315,37,278,88.3,43,272,86.3,段取り替え,13,0
2026-06-11 12:38:37,2026-06-11 06:00:00,2026-06-11 12:00:00,2026-06-11,昼勤,Line-C,MC-006,圧着機,22,315,28,287,91.1,14,301,95.6,チョコ停,13,0
2026-06-11 18:12:24,2026-06-11 12:00:00,2026-06-11 18:00:00,2026-06-11,夜勤,Line-A,MC-001,切断機,25,315,25,290,92.1,33,282,89.5,段取り替え,11,0
2026-06-11 18:12:24,2026-06-11 12:00:00,2026-06-11 18:00:00,2026-06-11,夜勤,Line-A,MC-002,加工機,36,315,31,284,90.2,7,308,97.8,なし,8,0
2026-06-11 18:12:24,2026-06-11 12:00:00,2026-06-11 18:00:00,2026-06-11,夜勤,Line-B,MC-003,検査機,20,315,15,300,95.2,76,239,75.9,材料待ち,11,0
2026-06-11 18:12:24,2026-06-11 12:00:00,2026-06-11 18:00:00,2026-06-11,夜勤,Line-B,MC-004,包装機,15,315,22,293,93.0,32,283,89.8,材料待ち,18,0
2026-06-11 18:12:24,2026-06-11 12:00:00,2026-06-11 18:00:00,2026-06-11,夜勤,Line-C,MC-005,組立機,20,315,37,278,88.3,16,299,94.9,清掃,14,0
2026-06-11 18:12:24,2026-06-11 12:00:00,2026-06-11 18:00:00,2026-06-11,夜勤,Line-C,MC-006,圧着機,22,315,28,287,91.1,5,310,98.4,なし,14,0
2026-06-11 22:48:04,2026-06-11 12:00:00,2026-06-11 18:00:00,2026-06-11,夜勤,Line-A,MC-001,切断機,25,315,25,290,92.1,95,220,69.8,設備異常,8,0
2026-06-11 22:48:04,2026-06-11 12:00:00,2026-06-11 18:00:00,2026-06-11,夜勤,Line-A,MC-002,加工機,36,315,31,284,90.2,81,234,74.3,設備異常,6,0
2026-06-11 22:48:04,2026-06-11 12:00:00,2026-06-11 18:00:00,2026-06-11,夜勤,Line-B,MC-003,検査機,20,315,15,300,95.2,63,252,80.0,設備異常,12,0
2026-06-11 22:48:04,2026-06-11 12:00:00,2026-06-11 18:00:00,2026-06-11,夜勤,Line-B,MC-004,包装機,15,315,22,293,93.0,8,307,97.5,チョコ停,20,0
2026-06-11 22:48:04,2026-06-11 12:00:00,2026-06-11 18:00:00,2026-06-11,夜勤,Line-C,MC-005,組立機,20,315,37,278,88.3,47,268,85.1,材料待ち,13,0
2026-06-11 22:48:04,2026-06-11 12:00:00,2026-06-11 18:00:00,2026-06-11,夜勤,Line-C,MC-006,圧着機,22,315,28,287,91.1,3,312,99.0,なし,14,0
2026-06-12 07:17:47,2026-06-12 00:00:00,2026-06-12 06:00:00,2026-06-12,昼勤,Line-A,MC-001,切断機,25,315,25,290,92.1,12,303,96.2,チョコ停,12,0
2026-06-12 07:17:47,2026-06-12 00:00:00,2026-06-12 06:00:00,2026-06-12,昼勤,Line-A,MC-002,加工機,36,315,31,284,90.2,0,315,100.0,なし,8,0
2026-06-12 07:17:47,2026-06-12 00:00:00,2026-06-12 06:00:00,2026-06-12,昼勤,Line-B,MC-003,検査機,20,315,15,300,95.2,82,233,74.0,設備異常,11,0
2026-06-12 07:17:47,2026-06-12 00:00:00,2026-06-12 06:00:00,2026-06-12,昼勤,Line-B,MC-004,包装機,15,315,22,293,93.0,77,238,75.6,材料待ち,15,0
2026-06-12 07:17:47,2026-06-12 00:00:00,2026-06-12 06:00:00,2026-06-12,昼勤,Line-C,MC-005,組立機,20,315,37,278,88.3,7,308,97.8,なし,15,0
2026-06-12 07:17:47,2026-06-12 00:00:00,2026-06-12 06:00:00,2026-06-12,昼勤,Line-C,MC-006,圧着機,22,315,28,287,91.1,88,227,72.1,設備異常,10,0
2026-06-12 12:13:26,2026-06-12 06:00:00,2026-06-12 12:00:00,2026-06-12,昼勤,Line-A,MC-001,切断機,25,315,25,290,92.1,29,286,90.8,清掃,11,0
2026-06-12 12:13:26,2026-06-12 06:00:00,2026-06-12 12:00:00,2026-06-12,昼勤,Line-A,MC-002,加工機,36,315,31,284,90.2,10,305,96.8,チョコ停,8,0
2026-06-12 12:13:26,2026-06-12 06:00:00,2026-06-12 12:00:00,2026-06-12,昼勤,Line-B,MC-003,検査機,20,315,15,300,95.2,62,253,80.3,材料待ち,12,0
2026-06-12 12:13:26,2026-06-12 06:00:00,2026-06-12 12:00:00,2026-06-12,昼勤,Line-B,MC-004,包装機,15,315,22,293,93.0,19,296,94.0,チョコ停,19,0
2026-06-12 12:13:26,2026-06-12 06:00:00,2026-06-12 12:00:00,2026-06-12,昼勤,Line-C,MC-005,組立機,20,315,37,278,88.3,25,290,92.1,段取り替え,14,0
2026-06-12 12:13:26,2026-06-12 06:00:00,2026-06-12 12:00:00,2026-06-12,昼勤,Line-C,MC-006,圧着機,22,315,28,287,91.1,50,265,84.1,材料待ち,12,0
2026-06-12 17:34:07,2026-06-12 06:00:00,2026-06-12 12:00:00,2026-06-12,昼勤,Line-A,MC-001,切断機,25,315,25,290,92.1,30,285,90.5,清掃,11,0
2026-06-12 17:34:07,2026-06-12 06:00:00,2026-06-12 12:00:00,2026-06-12,昼勤,Line-A,MC-002,加工機,36,315,31,284,90.2,13,302,95.9,チョコ停,8,0
2026-06-12 17:34:07,2026-06-12 06:00:00,2026-06-12 12:00:00,2026-06-12,昼勤,Line-B,MC-003,検査機,20,315,15,300,95.2,25,290,92.1,段取り替え,14,0
2026-06-12 17:34:07,2026-06-12 06:00:00,2026-06-12 12:00:00,2026-06-12,昼勤,Line-B,MC-004,包装機,15,315,22,293,93.0,26,289,91.7,品質確認,19,0
2026-06-12 17:34:07,2026-06-12 06:00:00,2026-06-12 12:00:00,2026-06-12,昼勤,Line-C,MC-005,組立機,20,315,37,278,88.3,26,289,91.7,品質確認,14,0
2026-06-12 17:34:07,2026-06-12 06:00:00,2026-06-12 12:00:00,2026-06-12,昼勤,Line-C,MC-006,圧着機,22,315,28,287,91.1,0,315,100.0,なし,14,0
2026-06-12 22:20:26,2026-06-12 12:00:00,2026-06-12 18:00:00,2026-06-12,夜勤,Line-A,MC-001,切断機,25,315,25,290,92.1,6,309,98.1,チョコ停,12,0
2026-06-12 22:20:26,2026-06-12 12:00:00,2026-06-12 18:00:00,2026-06-12,夜勤,Line-A,MC-002,加工機,36,315,31,284,90.2,22,293,93.0,清掃,8,0
2026-06-12 22:20:26,2026-06-12 12:00:00,2026-06-12 18:00:00,2026-06-12,夜勤,Line-B,MC-003,検査機,20,315,15,300,95.2,33,282,89.5,品質確認,14,0
2026-06-12 22:20:26,2026-06-12 12:00:00,2026-06-12 18:00:00,2026-06-12,夜勤,Line-B,MC-004,包装機,15,315,22,293,93.0,10,305,96.8,なし,20,0
2026-06-12 22:20:26,2026-06-12 12:00:00,2026-06-12 18:00:00,2026-06-12,夜勤,Line-C,MC-005,組立機,20,315,37,278,88.3,24,291,92.4,段取り替え,14,0
2026-06-12 22:20:26,2026-06-12 12:00:00,2026-06-12 18:00:00,2026-06-12,夜勤,Line-C,MC-006,圧着機,22,315,28,287,91.1,112,203,64.4,設備異常,9,0
2026-06-13 06:54:19,2026-06-13 00:00:00,2026-06-13 06:00:00,2026-06-13,昼勤,Line-A,MC-001,切断機,25,315,25,290,92.1,11,304,96.5,チョコ停,12,0
2026-06-13 06:54:19,2026-06-13 00:00:00,2026-06-13 06:00:00,2026-06-13,昼勤,Line-A,MC-002,加工機,36,315,31,284,90.2,17,298,94.6,チョコ停,8,0
2026-06-13 06:54:19,2026-06-13 00:00:00,2026-06-13 06:00:00,2026-06-13,昼勤,Line-B,MC-003,検査機,20,315,15,300,95.2,17,298,94.6,清掃,14,0
2026-06-13 06:54:19,2026-06-13 00:00:00,2026-06-13 06:00:00,2026-06-13,昼勤,Line-B,MC-004,包装機,15,315,22,293,93.0,3,312,99.0,なし,20,0
2026-06-13 06:54:19,2026-06-13 00:00:00,2026-06-13 06:00:00,2026-06-13,昼勤,Line-C,MC-005,組立機,20,315,37,278,88.3,20,295,93.7,清掃,14,0
2026-06-13 06:54:19,2026-06-13 00:00:00,2026-06-13 06:00:00,2026-06-13,昼勤,Line-C,MC-006,圧着機,22,315,28,287,91.1,25,290,92.1,清掃,13,0
2026-06-13 11:10:31,2026-06-13 00:00:00,2026-06-13 06:00:00,2026-06-13,昼勤,Line-A,MC-001,切断機,25,315,25,290,92.1,6,309,98.1,なし,12,0
2026-06-13 11:10:31,2026-06-13 00:00:00,2026-06-13 06:00:00,2026-06-13,昼勤,Line-A,MC-002,加工機,36,315,31,284,90.2,16,299,94.9,チョコ停,8,0
2026-06-13 11:10:31,2026-06-13 00:00:00,2026-06-13 06:00:00,2026-06-13,昼勤,Line-B,MC-003,検査機,20,315,15,300,95.2,31,284,90.2,品質確認,14,0
2026-06-13 11:10:31,2026-06-13 00:00:00,2026-06-13 06:00:00,2026-06-13,昼勤,Line-B,MC-004,包装機,15,315,22,293,93.0,3,312,99.0,なし,20,0
2026-06-13 11:10:31,2026-06-13 00:00:00,2026-06-13 06:00:00,2026-06-13,昼勤,Line-C,MC-005,組立機,20,315,37,278,88.3,22,293,93.0,清掃,14,0
2026-06-13 11:10:31,2026-06-13 00:00:00,2026-06-13 06:00:00,2026-06-13,昼勤,Line-C,MC-006,圧着機,22,315,28,287,91.1,11,304,96.5,チョコ停,13,0
2026-06-13 16:10:09,2026-06-13 06:00:00,2026-06-13 12:00:00,2026-06-13,昼勤,Line-A,MC-001,切断機,25,315,25,290,92.1,17,298,94.6,チョコ停,11,0
2026-06-13 16:10:09,2026-06-13 06:00:00,2026-06-13 12:00:00,2026-06-13,昼勤,Line-A,MC-002,加工機,36,315,31,284,90.2,11,304,96.5,清掃,8,0
2026-06-13 16:10:09,2026-06-13 06:00:00,2026-06-13 12:00:00,2026-06-13,昼勤,Line-B,MC-003,検査機,20,315,15,300,95.2,2,313,99.4,なし,15,0
2026-06-13 16:10:09,2026-06-13 06:00:00,2026-06-13 12:00:00,2026-06-13,昼勤,Line-B,MC-004,包装機,15,315,22,293,93.0,119,196,62.2,設備異常,13,0
2026-06-13 16:10:09,2026-06-13 06:00:00,2026-06-13 12:00:00,2026-06-13,昼勤,Line-C,MC-005,組立機,20,315,37,278,88.3,45,270,85.7,段取り替え,13,0
2026-06-13 16:10:09,2026-06-13 06:00:00,2026-06-13 12:00:00,2026-06-13,昼勤,Line-C,MC-006,圧着機,22,315,28,287,91.1,14,301,95.6,清掃,13,0
2026-06-13 21:58:17,2026-06-13 12:00:00,2026-06-13 18:00:00,2026-06-13,夜勤,Line-A,MC-001,切断機,25,315,25,290,92.1,74,241,76.5,材料待ち,9,0
2026-06-13 21:58:17,2026-06-13 12:00:00,2026-06-13 18:00:00,2026-06-13,夜勤,Line-A,MC-002,加工機,36,315,31,284,90.2,35,280,88.9,段取り替え,7,0
2026-06-13 21:58:17,2026-06-13 12:00:00,2026-06-13 18:00:00,2026-06-13,夜勤,Line-B,MC-003,検査機,20,315,15,300,95.2,13,302,95.9,清掃,15,0
2026-06-13 21:58:17,2026-06-13 12:00:00,2026-06-13 18:00:00,2026-06-13,夜勤,Line-B,MC-004,包装機,15,315,22,293,93.0,10,305,96.8,清掃,20,0
2026-06-13 21:58:17,2026-06-13 12:00:00,2026-06-13 18:00:00,2026-06-13,夜勤,Line-C,MC-005,組立機,20,315,37,278,88.3,0,315,100.0,なし,15,0
2026-06-13 21:58:17,2026-06-13 12:00:00,2026-06-13 18:00:00,2026-06-13,夜勤,Line-C,MC-006,圧着機,22,315,28,287,91.1,77,238,75.6,材料待ち,10,0
2026-06-15 08:55:29,2026-06-15 00:00:00,2026-06-15 06:00:00,2026-06-15,昼勤,Line-A,MC-001,切断機,25,315,25,290,92.1,18,297,94.3,品質確認,11,0
2026-06-15 08:55:29,2026-06-15 00:00:00,2026-06-15 06:00:00,2026-06-15,昼勤,Line-A,MC-002,加工機,36,315,31,284,90.2,21,294,93.3,清掃,8,0
2026-06-15 08:55:29,2026-06-15 00:00:00,2026-06-15 06:00:00,2026-06-15,昼勤,Line-B,MC-003,検査機,20,315,15,300,95.2,24,291,92.4,段取り替え,14,0
2026-06-15 08:55:29,2026-06-15 00:00:00,2026-06-15 06:00:00,2026-06-15,昼勤,Line-B,MC-004,包装機,15,315,22,293,93.0,8,307,97.5,なし,20,0
2026-06-15 08:55:29,2026-06-15 00:00:00,2026-06-15 06:00:00,2026-06-15,昼勤,Line-C,MC-005,組立機,20,315,37,278,88.3,1,314,99.7,なし,15,0
2026-06-15 08:55:29,2026-06-15 00:00:00,2026-06-15 06:00:00,2026-06-15,昼勤,Line-C,MC-006,圧着機,22,315,28,287,91.1,33,282,89.5,品質確認,12,0
2026-06-15 15:00:23,2026-06-15 06:00:00,2026-06-15 12:00:00,2026-06-15,昼勤,Line-A,MC-001,切断機,25,195,15,180,92.3,16,179,91.8,チョコ停,7,0
2026-06-15 15:00:23,2026-06-15 06:00:00,2026-06-15 12:00:00,2026-06-15,昼勤,Line-A,MC-002,加工機,36,195,19,176,90.3,59,136,69.7,材料待ち,3,0
2026-06-15 15:00:23,2026-06-15 06:00:00,2026-06-15 12:00:00,2026-06-15,昼勤,Line-B,MC-003,検査機,20,195,9,186,95.4,29,166,85.1,品質確認,8,0
2026-06-15 15:00:23,2026-06-15 06:00:00,2026-06-15 12:00:00,2026-06-15,昼勤,Line-B,MC-004,包装機,15,195,13,182,93.3,10,185,94.9,清掃,12,0
2026-06-15 15:00:23,2026-06-15 06:00:00,2026-06-15 12:00:00,2026-06-15,昼勤,Line-C,MC-005,組立機,20,195,23,172,88.2,69,126,64.6,材料待ち,6,0
2026-06-15 15:00:23,2026-06-15 06:00:00,2026-06-15 12:00:00,2026-06-15,昼勤,Line-C,MC-006,圧着機,22,195,17,178,91.3,33,162,83.1,品質確認,7,0
2026-06-15 19:06:52,2026-06-15 12:00:00,2026-06-15 18:00:00,2026-06-15,夜勤,Line-A,MC-001,切断機,25,315,25,290,92.1,20,295,93.7,品質確認,11,0
2026-06-15 19:06:52,2026-06-15 12:00:00,2026-06-15 18:00:00,2026-06-15,夜勤,Line-A,MC-002,加工機,36,315,31,284,90.2,0,315,100.0,なし,8,0
2026-06-15 19:06:52,2026-06-15 12:00:00,2026-06-15 18:00:00,2026-06-15,夜勤,Line-B,MC-003,検査機,20,315,15,300,95.2,41,274,87.0,段取り替え,13,0
2026-06-15 19:06:52,2026-06-15 12:00:00,2026-06-15 18:00:00,2026-06-15,夜勤,Line-B,MC-004,包装機,15,315,22,293,93.0,0,315,100.0,なし,21,0
2026-06-15 19:06:52,2026-06-15 12:00:00,2026-06-15 18:00:00,2026-06-15,夜勤,Line-C,MC-005,組立機,20,315,37,278,88.3,66,249,79.0,設備異常,12,0
2026-06-15 19:06:52,2026-06-15 12:00:00,2026-06-15 18:00:00,2026-06-15,夜勤,Line-C,MC-006,圧着機,22,315,28,287,91.1,17,298,94.6,清掃,13,0
2026-06-15 22:59:11,2026-06-15 12:00:00,2026-06-15 18:00:00,2026-06-15,夜勤,Line-A,MC-001,切断機,25,315,25,290,92.1,1,314,99.7,なし,12,0
2026-06-15 22:59:11,2026-06-15 12:00:00,2026-06-15 18:00:00,2026-06-15,夜勤,Line-A,MC-002,加工機,36,315,31,284,90.2,68,247,78.4,設備異常,6,0
2026-06-15 22:59:11,2026-06-15 12:00:00,2026-06-15 18:00:00,2026-06-15,夜勤,Line-B,MC-003,検査機,20,315,15,300,95.2,11,304,96.5,チョコ停,15,0
2026-06-15 22:59:11,2026-06-15 12:00:00,2026-06-15 18:00:00,2026-06-15,夜勤,Line-B,MC-004,包装機,15,315,22,293,93.0,15,300,95.2,品質確認,20,0
2026-06-15 22:59:11,2026-06-15 12:00:00,2026-06-15 18:00:00,2026-06-15,夜勤,Line-C,MC-005,組立機,20,315,37,278,88.3,89,226,71.7,設備異常,11,0
2026-06-15 22:59:11,2026-06-15 12:00:00,2026-06-15 18:00:00,2026-06-15,夜勤,Line-C,MC-006,圧着機,22,315,28,287,91.1,22,293,93.0,品質確認,13,0
2026-06-16 08:41:59,2026-06-16 00:00:00,2026-06-16 06:00:00,2026-06-16,昼勤,Line-A,MC-001,切断機,25,315,25,290,92.1,16,299,94.9,チョコ停,11,0
2026-06-16 08:41:59,2026-06-16 00:00:00,2026-06-16 06:00:00,2026-06-16,昼勤,Line-A,MC-002,加工機,36,315,31,284,90.2,88,227,72.1,設備異常,6,0
2026-06-16 08:41:59,2026-06-16 00:00:00,2026-06-16 06:00:00,2026-06-16,昼勤,Line-B,MC-003,検査機,20,315,15,300,95.2,44,271,86.0,材料待ち,13,0
2026-06-16 08:41:59,2026-06-16 00:00:00,2026-06-16 06:00:00,2026-06-16,昼勤,Line-B,MC-004,包装機,15,315,22,293,93.0,109,206,65.4,設備異常,13,0
2026-06-16 08:41:59,2026-06-16 00:00:00,2026-06-16 06:00:00,2026-06-16,昼勤,Line-C,MC-005,組立機,20,315,37,278,88.3,6,309,98.1,チョコ停,15,0
2026-06-16 08:41:59,2026-06-16 00:00:00,2026-06-16 06:00:00,2026-06-16,昼勤,Line-C,MC-006,圧着機,22,315,28,287,91.1,2,313,99.4,なし,14,0
2026-06-16 13:25:36,2026-06-16 06:00:00,2026-06-16 12:00:00,2026-06-16,昼勤,Line-A,MC-001,切断機,25,315,25,290,92.1,6,309,98.1,チョコ停,12,0
2026-06-16 13:25:36,2026-06-16 06:00:00,2026-06-16 12:00:00,2026-06-16,昼勤,Line-A,MC-002,加工機,36,315,31,284,90.2,43,272,86.3,段取り替え,7,0
2026-06-16 13:25:36,2026-06-16 06:00:00,2026-06-16 12:00:00,2026-06-16,昼勤,Line-B,MC-003,検査機,20,315,15,300,95.2,42,273,86.7,材料待ち,13,0
2026-06-16 13:25:36,2026-06-16 06:00:00,2026-06-16 12:00:00,2026-06-16,昼勤,Line-B,MC-004,包装機,15,315,22,293,93.0,47,268,85.1,段取り替え,17,0
2026-06-16 13:25:36,2026-06-16 06:00:00,2026-06-16 12:00:00,2026-06-16,昼勤,Line-C,MC-005,組立機,20,315,37,278,88.3,6,309,98.1,チョコ停,15,0
2026-06-16 13:25:36,2026-06-16 06:00:00,2026-06-16 12:00:00,2026-06-16,昼勤,Line-C,MC-006,圧着機,22,315,28,287,91.1,45,270,85.7,段取り替え,12,0
2026-06-16 18:53:07,2026-06-16 12:00:00,2026-06-16 18:00:00,2026-06-16,夜勤,Line-A,MC-001,切断機,25,315,25,290,92.1,19,296,94.0,清掃,11,0
2026-06-16 18:53:07,2026-06-16 12:00:00,2026-06-16 18:00:00,2026-06-16,夜勤,Line-A,MC-002,加工機,36,315,31,284,90.2,36,279,88.6,品質確認,7,0
2026-06-16 18:53:07,2026-06-16 12:00:00,2026-06-16 18:00:00,2026-06-16,夜勤,Line-B,MC-003,検査機,20,315,15,300,95.2,24,291,92.4,清掃,14,0
2026-06-16 18:53:07,2026-06-16 12:00:00,2026-06-16 18:00:00,2026-06-16,夜勤,Line-B,MC-004,包装機,15,315,22,293,93.0,18,297,94.3,清掃,19,0
2026-06-16 18:53:07,2026-06-16 12:00:00,2026-06-16 18:00:00,2026-06-16,夜勤,Line-C,MC-005,組立機,20,315,37,278,88.3,42,273,86.7,材料待ち,13,0
2026-06-16 18:53:07,2026-06-16 12:00:00,2026-06-16 18:00:00,2026-06-16,夜勤,Line-C,MC-006,圧着機,22,315,28,287,91.1,3,312,99.0,なし,14,0
2026-06-16 22:50:55,2026-06-16 12:00:00,2026-06-16 18:00:00,2026-06-16,夜勤,Line-A,MC-001,切断機,25,315,25,290,92.1,62,253,80.3,材料待ち,10,0
2026-06-16 22:50:55,2026-06-16 12:00:00,2026-06-16 18:00:00,2026-06-16,夜勤,Line-A,MC-002,加工機,36,315,31,284,90.2,31,284,90.2,品質確認,7,0
2026-06-16 22:50:55,2026-06-16 12:00:00,2026-06-16 18:00:00,2026-06-16,夜勤,Line-B,MC-003,検査機,20,315,15,300,95.2,60,255,81.0,設備異常,12,0
2026-06-16 22:50:55,2026-06-16 12:00:00,2026-06-16 18:00:00,2026-06-16,夜勤,Line-B,MC-004,包装機,15,315,22,293,93.0,39,276,87.6,品質確認,18,0
2026-06-16 22:50:55,2026-06-16 12:00:00,2026-06-16 18:00:00,2026-06-16,夜勤,Line-C,MC-005,組立機,20,315,37,278,88.3,21,294,93.3,品質確認,14,0
2026-06-16 22:50:55,2026-06-16 12:00:00,2026-06-16 18:00:00,2026-06-16,夜勤,Line-C,MC-006,圧着機,22,315,28,287,91.1,26,289,91.7,段取り替え,13,0
2026-06-17 08:24:38,2026-06-17 00:00:00,2026-06-17 06:00:00,2026-06-17,昼勤,Line-A,MC-001,切断機,25,315,25,290,92.1,102,213,67.6,設備異常,8,0
2026-06-17 08:24:38,2026-06-17 00:00:00,2026-06-17 06:00:00,2026-06-17,昼勤,Line-A,MC-002,加工機,36,315,31,284,90.2,34,281,89.2,品質確認,7,0
2026-06-17 08:24:38,2026-06-17 00:00:00,2026-06-17 06:00:00,2026-06-17,昼勤,Line-B,MC-003,検査機,20,315,15,300,95.2,53,262,83.2,材料待ち,13,0
2026-06-17 08:24:38,2026-06-17 00:00:00,2026-06-17 06:00:00,2026-06-17,昼勤,Line-B,MC-004,包装機,15,315,22,293,93.0,44,271,86.0,段取り替え,18,0
2026-06-17 08:24:38,2026-06-17 00:00:00,2026-06-17 06:00:00,2026-06-17,昼勤,Line-C,MC-005,組立機,20,315,37,278,88.3,99,216,68.6,設備異常,10,0
2026-06-17 08:24:38,2026-06-17 00:00:00,2026-06-17 06:00:00,2026-06-17,昼勤,Line-C,MC-006,圧着機,22,315,28,287,91.1,39,276,87.6,段取り替え,12,0
2026-06-17 12:47:11,2026-06-17 06:00:00,2026-06-17 12:00:00,2026-06-17,昼勤,Line-A,MC-001,切断機,25,315,25,290,92.1,7,308,97.8,チョコ停,12,0
2026-06-17 12:47:11,2026-06-17 06:00:00,2026-06-17 12:00:00,2026-06-17,昼勤,Line-A,MC-002,加工機,36,315,31,284,90.2,33,282,89.5,品質確認,7,0
2026-06-17 12:47:11,2026-06-17 06:00:00,2026-06-17 12:00:00,2026-06-17,昼勤,Line-B,MC-003,検査機,20,315,15,300,95.2,45,270,85.7,材料待ち,13,0
2026-06-17 12:47:11,2026-06-17 06:00:00,2026-06-17 12:00:00,2026-06-17,昼勤,Line-B,MC-004,包装機,15,315,22,293,93.0,39,276,87.6,材料待ち,18,0
2026-06-17 12:47:11,2026-06-17 06:00:00,2026-06-17 12:00:00,2026-06-17,昼勤,Line-C,MC-005,組立機,20,315,37,278,88.3,5,310,98.4,チョコ停,15,0
2026-06-17 12:47:11,2026-06-17 06:00:00,2026-06-17 12:00:00,2026-06-17,昼勤,Line-C,MC-006,圧着機,22,315,28,287,91.1,18,297,94.3,品質確認,13,0
2026-06-17 17:47:30,2026-06-17 06:00:00,2026-06-17 12:00:00,2026-06-17,昼勤,Line-A,MC-001,切断機,25,315,25,290,92.1,108,207,65.7,設備異常,8,0
2026-06-17 17:47:30,2026-06-17 06:00:00,2026-06-17 12:00:00,2026-06-17,昼勤,Line-A,MC-002,加工機,36,315,31,284,90.2,29,286,90.8,段取り替え,7,0
2026-06-17 17:47:30,2026-06-17 06:00:00,2026-06-17 12:00:00,2026-06-17,昼勤,Line-B,MC-003,検査機,20,315,15,300,95.2,34,281,89.2,材料待ち,14,0
2026-06-17 17:47:30,2026-06-17 06:00:00,2026-06-17 12:00:00,2026-06-17,昼勤,Line-B,MC-004,包装機,15,315,22,293,93.0,35,280,88.9,段取り替え,18,0
2026-06-17 17:47:30,2026-06-17 06:00:00,2026-06-17 12:00:00,2026-06-17,昼勤,Line-C,MC-005,組立機,20,315,37,278,88.3,30,285,90.5,品質確認,14,0
2026-06-17 17:47:30,2026-06-17 06:00:00,2026-06-17 12:00:00,2026-06-17,昼勤,Line-C,MC-006,圧着機,22,315,28,287,91.1,20,295,93.7,品質確認,13,0
2026-06-17 22:42:42,2026-06-17 12:00:00,2026-06-17 18:00:00,2026-06-17,夜勤,Line-A,MC-001,切断機,25,315,25,290,92.1,37,278,88.3,段取り替え,11,0
2026-06-17 22:42:42,2026-06-17 12:00:00,2026-06-17 18:00:00,2026-06-17,夜勤,Line-A,MC-002,加工機,36,315,31,284,90.2,104,211,67.0,設備異常,5,0
2026-06-17 22:42:42,2026-06-17 12:00:00,2026-06-17 18:00:00,2026-06-17,夜勤,Line-B,MC-003,検査機,20,315,15,300,95.2,28,287,91.1,清掃,14,0
2026-06-17 22:42:42,2026-06-17 12:00:00,2026-06-17 18:00:00,2026-06-17,夜勤,Line-B,MC-004,包装機,15,315,22,293,93.0,5,310,98.4,なし,20,0
2026-06-17 22:42:42,2026-06-17 12:00:00,2026-06-17 18:00:00,2026-06-17,夜勤,Line-C,MC-005,組立機,20,315,37,278,88.3,43,272,86.3,材料待ち,13,0
2026-06-17 22:42:42,2026-06-17 12:00:00,2026-06-17 18:00:00,2026-06-17,夜勤,Line-C,MC-006,圧着機,22,315,28,287,91.1,47,268,85.1,段取り替え,12,0
2026-06-18 07:29:56,2026-06-18 00:00:00,2026-06-18 06:00:00,2026-06-18,昼勤,Line-A,MC-001,切断機,25,315,25,290,92.1,24,291,92.4,清掃,11,0
2026-06-18 07:29:56,2026-06-18 00:00:00,2026-06-18 06:00:00,2026-06-18,昼勤,Line-A,MC-002,加工機,36,315,31,284,90.2,32,283,89.8,段取り替え,7,0
2026-06-18 07:29:56,2026-06-18 00:00:00,2026-06-18 06:00:00,2026-06-18,昼勤,Line-B,MC-003,検査機,20,315,15,300,95.2,79,236,74.9,材料待ち,11,0
2026-06-18 07:29:56,2026-06-18 00:00:00,2026-06-18 06:00:00,2026-06-18,昼勤,Line-B,MC-004,包装機,15,315,22,293,93.0,7,308,97.8,なし,20,0
2026-06-18 07:29:56,2026-06-18 00:00:00,2026-06-18 06:00:00,2026-06-18,昼勤,Line-C,MC-005,組立機,20,315,37,278,88.3,23,292,92.7,品質確認,14,0
2026-06-18 07:29:56,2026-06-18 00:00:00,2026-06-18 06:00:00,2026-06-18,昼勤,Line-C,MC-006,圧着機,22,315,28,287,91.1,5,310,98.4,チョコ停,14,0
2026-06-18 12:19:17,2026-06-18 06:00:00,2026-06-18 12:00:00,2026-06-18,昼勤,Line-A,MC-001,切断機,25,315,25,290,92.1,65,250,79.4,設備異常,10,0
2026-06-18 12:19:17,2026-06-18 06:00:00,2026-06-18 12:00:00,2026-06-18,昼勤,Line-A,MC-002,加工機,36,315,31,284,90.2,57,258,81.9,材料待ち,7,0
2026-06-18 12:19:17,2026-06-18 06:00:00,2026-06-18 12:00:00,2026-06-18,昼勤,Line-B,MC-003,検査機,20,315,15,300,95.2,28,287,91.1,清掃,14,0
2026-06-18 12:19:17,2026-06-18 06:00:00,2026-06-18 12:00:00,2026-06-18,昼勤,Line-B,MC-004,包装機,15,315,22,293,93.0,80,235,74.6,材料待ち,15,0
2026-06-18 12:19:17,2026-06-18 06:00:00,2026-06-18 12:00:00,2026-06-18,昼勤,Line-C,MC-005,組立機,20,315,37,278,88.3,37,278,88.3,品質確認,13,0
2026-06-18 12:19:17,2026-06-18 06:00:00,2026-06-18 12:00:00,2026-06-18,昼勤,Line-C,MC-006,圧着機,22,315,28,287,91.1,43,272,86.3,段取り替え,12,0
2026-06-18 17:56:55,2026-06-18 06:00:00,2026-06-18 12:00:00,2026-06-18,昼勤,Line-A,MC-001,切断機,25,315,25,290,92.1,71,244,77.5,材料待ち,9,0
2026-06-18 17:56:55,2026-06-18 06:00:00,2026-06-18 12:00:00,2026-06-18,昼勤,Line-A,MC-002,加工機,36,315,31,284,90.2,7,308,97.8,なし,8,0
2026-06-18 17:56:55,2026-06-18 06:00:00,2026-06-18 12:00:00,2026-06-18,昼勤,Line-B,MC-003,検査機,20,315,15,300,95.2,16,299,94.9,チョコ停,14,0
2026-06-18 17:56:55,2026-06-18 06:00:00,2026-06-18 12:00:00,2026-06-18,昼勤,Line-B,MC-004,包装機,15,315,22,293,93.0,42,273,86.7,段取り替え,18,0
2026-06-18 17:56:55,2026-06-18 06:00:00,2026-06-18 12:00:00,2026-06-18,昼勤,Line-C,MC-005,組立機,20,315,37,278,88.3,1,314,99.7,なし,15,0
2026-06-18 17:56:55,2026-06-18 06:00:00,2026-06-18 12:00:00,2026-06-18,昼勤,Line-C,MC-006,圧着機,22,315,28,287,91.1,12,303,96.2,清掃,13,0
2026-06-18 22:53:21,2026-06-18 12:00:00,2026-06-18 18:00:00,2026-06-18,夜勤,Line-A,MC-001,切断機,25,315,25,290,92.1,17,298,94.6,清掃,11,0
2026-06-18 22:53:21,2026-06-18 12:00:00,2026-06-18 18:00:00,2026-06-18,夜勤,Line-A,MC-002,加工機,36,315,31,284,90.2,21,294,93.3,清掃,8,0
2026-06-18 22:53:21,2026-06-18 12:00:00,2026-06-18 18:00:00,2026-06-18,夜勤,Line-B,MC-003,検査機,20,315,15,300,95.2,15,300,95.2,清掃,15,0
2026-06-18 22:53:21,2026-06-18 12:00:00,2026-06-18 18:00:00,2026-06-18,夜勤,Line-B,MC-004,包装機,15,315,22,293,93.0,77,238,75.6,材料待ち,15,0
2026-06-18 22:53:21,2026-06-18 12:00:00,2026-06-18 18:00:00,2026-06-18,夜勤,Line-C,MC-005,組立機,20,315,37,278,88.3,54,261,82.9,材料待ち,13,0
2026-06-18 22:53:21,2026-06-18 12:00:00,2026-06-18 18:00:00,2026-06-18,夜勤,Line-C,MC-006,圧着機,22,315,28,287,91.1,3,312,99.0,なし,14,0
2026-06-19 08:27:52,2026-06-19 00:00:00,2026-06-19 06:00:00,2026-06-19,昼勤,Line-A,MC-001,切断機,25,315,25,290,92.1,14,301,95.6,清掃,12,0
2026-06-19 08:27:52,2026-06-19 00:00:00,2026-06-19 06:00:00,2026-06-19,昼勤,Line-A,MC-002,加工機,36,315,31,284,90.2,63,252,80.0,設備異常,7,0
2026-06-19 08:27:52,2026-06-19 00:00:00,2026-06-19 06:00:00,2026-06-19,昼勤,Line-B,MC-003,検査機,20,315,15,300,95.2,29,286,90.8,清掃,14,0
2026-06-19 08:27:52,2026-06-19 00:00:00,2026-06-19 06:00:00,2026-06-19,昼勤,Line-B,MC-004,包装機,15,315,22,293,93.0,12,303,96.2,清掃,20,0
2026-06-19 08:27:52,2026-06-19 00:00:00,2026-06-19 06:00:00,2026-06-19,昼勤,Line-C,MC-005,組立機,20,315,37,278,88.3,58,257,81.6,材料待ち,12,0
2026-06-19 08:27:52,2026-06-19 00:00:00,2026-06-19 06:00:00,2026-06-19,昼勤,Line-C,MC-006,圧着機,22,315,28,287,91.1,25,290,92.1,品質確認,13,0
2026-06-19 12:42:51,2026-06-19 06:00:00,2026-06-19 12:00:00,2026-06-19,昼勤,Line-A,MC-001,切断機,25,315,25,290,92.1,65,250,79.4,材料待ち,10,0
2026-06-19 12:42:51,2026-06-19 06:00:00,2026-06-19 12:00:00,2026-06-19,昼勤,Line-A,MC-002,加工機,36,315,31,284,90.2,65,250,79.4,設備異常,6,0
2026-06-19 12:42:51,2026-06-19 06:00:00,2026-06-19 12:00:00,2026-06-19,昼勤,Line-B,MC-003,検査機,20,315,15,300,95.2,17,298,94.6,チョコ停,14,0
2026-06-19 12:42:51,2026-06-19 06:00:00,2026-06-19 12:00:00,2026-06-19,昼勤,Line-B,MC-004,包装機,15,315,22,293,93.0,14,301,95.6,チョコ停,20,0
2026-06-19 12:42:51,2026-06-19 06:00:00,2026-06-19 12:00:00,2026-06-19,昼勤,Line-C,MC-005,組立機,20,315,37,278,88.3,109,206,65.4,設備異常,10,0
2026-06-19 12:42:51,2026-06-19 06:00:00,2026-06-19 12:00:00,2026-06-19,昼勤,Line-C,MC-006,圧着機,22,315,28,287,91.1,47,268,85.1,段取り替え,12,0
2026-06-19 17:13:11,2026-06-19 06:00:00,2026-06-19 12:00:00,2026-06-19,昼勤,Line-A,MC-001,切断機,25,315,25,290,92.1,11,304,96.5,清掃,12,0
2026-06-19 17:13:11,2026-06-19 06:00:00,2026-06-19 12:00:00,2026-06-19,昼勤,Line-A,MC-002,加工機,36,315,31,284,90.2,107,208,66.0,設備異常,5,0
2026-06-19 17:13:11,2026-06-19 06:00:00,2026-06-19 12:00:00,2026-06-19,昼勤,Line-B,MC-003,検査機,20,315,15,300,95.2,39,276,87.6,段取り替え,13,0
2026-06-19 17:13:11,2026-06-19 06:00:00,2026-06-19 12:00:00,2026-06-19,昼勤,Line-B,MC-004,包装機,15,315,22,293,93.0,19,296,94.0,清掃,19,0
2026-06-19 17:13:11,2026-06-19 06:00:00,2026-06-19 12:00:00,2026-06-19,昼勤,Line-C,MC-005,組立機,20,315,37,278,88.3,20,295,93.7,清掃,14,0
2026-06-19 17:13:11,2026-06-19 06:00:00,2026-06-19 12:00:00,2026-06-19,昼勤,Line-C,MC-006,圧着機,22,315,28,287,91.1,7,308,97.8,なし,14,0
2026-06-19 21:59:53,2026-06-19 12:00:00,2026-06-19 18:00:00,2026-06-19,夜勤,Line-A,MC-001,切断機,25,315,25,290,92.1,1,314,99.7,なし,12,0
2026-06-19 21:59:53,2026-06-19 12:00:00,2026-06-19 18:00:00,2026-06-19,夜勤,Line-A,MC-002,加工機,36,315,31,284,90.2,10,305,96.8,清掃,8,0
2026-06-19 21:59:53,2026-06-19 12:00:00,2026-06-19 18:00:00,2026-06-19,夜勤,Line-B,MC-003,検査機,20,315,15,300,95.2,75,240,76.2,設備異常,12,0
2026-06-19 21:59:53,2026-06-19 12:00:00,2026-06-19 18:00:00,2026-06-19,夜勤,Line-B,MC-004,包装機,15,315,22,293,93.0,5,310,98.4,チョコ停,20,0
2026-06-19 21:59:53,2026-06-19 12:00:00,2026-06-19 18:00:00,2026-06-19,夜勤,Line-C,MC-005,組立機,20,315,37,278,88.3,85,230,73.0,設備異常,11,0
2026-06-19 21:59:53,2026-06-19 12:00:00,2026-06-19 18:00:00,2026-06-19,夜勤,Line-C,MC-006,圧着機,22,315,28,287,91.1,25,290,92.1,清掃,13,0
2026-06-20 06:57:16,2026-06-20 00:00:00,2026-06-20 06:00:00,2026-06-20,昼勤,Line-A,MC-001,切断機,25,315,25,290,92.1,8,307,97.5,なし,12,0
2026-06-20 06:57:16,2026-06-20 00:00:00,2026-06-20 06:00:00,2026-06-20,昼勤,Line-A,MC-002,加工機,36,315,31,284,90.2,48,267,84.8,段取り替え,7,0
2026-06-20 06:57:16,2026-06-20 00:00:00,2026-06-20 06:00:00,2026-06-20,昼勤,Line-B,MC-003,検査機,20,315,15,300,95.2,15,300,95.2,清掃,15,0
2026-06-20 06:57:16,2026-06-20 00:00:00,2026-06-20 06:00:00,2026-06-20,昼勤,Line-B,MC-004,包装機,15,315,22,293,93.0,19,296,94.0,チョコ停,19,0
2026-06-20 06:57:16,2026-06-20 00:00:00,2026-06-20 06:00:00,2026-06-20,昼勤,Line-C,MC-005,組立機,20,315,37,278,88.3,7,308,97.8,なし,15,0
2026-06-20 06:57:16,2026-06-20 00:00:00,2026-06-20 06:00:00,2026-06-20,昼勤,Line-C,MC-006,圧着機,22,315,28,287,91.1,44,271,86.0,段取り替え,12,0
2026-06-20 11:11:09,2026-06-20 00:00:00,2026-06-20 06:00:00,2026-06-20,昼勤,Line-A,MC-001,切断機,25,315,25,290,92.1,44,271,86.0,段取り替え,10,0
2026-06-20 11:11:09,2026-06-20 00:00:00,2026-06-20 06:00:00,2026-06-20,昼勤,Line-A,MC-002,加工機,36,315,31,284,90.2,10,305,96.8,なし,8,0
2026-06-20 11:11:09,2026-06-20 00:00:00,2026-06-20 06:00:00,2026-06-20,昼勤,Line-B,MC-003,検査機,20,315,15,300,95.2,2,313,99.4,なし,15,0
2026-06-20 11:11:09,2026-06-20 00:00:00,2026-06-20 06:00:00,2026-06-20,昼勤,Line-B,MC-004,包装機,15,315,22,293,93.0,40,275,87.3,材料待ち,18,0
2026-06-20 11:11:09,2026-06-20 00:00:00,2026-06-20 06:00:00,2026-06-20,昼勤,Line-C,MC-005,組立機,20,315,37,278,88.3,51,264,83.8,材料待ち,13,0
2026-06-20 11:11:09,2026-06-20 00:00:00,2026-06-20 06:00:00,2026-06-20,昼勤,Line-C,MC-006,圧着機,22,315,28,287,91.1,26,289,91.7,品質確認,13,0
2026-06-20 16:13:26,2026-06-20 06:00:00,2026-06-20 12:00:00,2026-06-20,昼勤,Line-A,MC-001,切断機,25,315,25,290,92.1,23,292,92.7,品質確認,11,0
2026-06-20 16:13:26,2026-06-20 06:00:00,2026-06-20 12:00:00,2026-06-20,昼勤,Line-A,MC-002,加工機,36,315,31,284,90.2,6,309,98.1,チョコ停,8,0
2026-06-20 16:13:26,2026-06-20 06:00:00,2026-06-20 12:00:00,2026-06-20,昼勤,Line-B,MC-003,検査機,20,315,15,300,95.2,102,213,67.6,設備異常,10,0
2026-06-20 16:13:26,2026-06-20 06:00:00,2026-06-20 12:00:00,2026-06-20,昼勤,Line-B,MC-004,包装機,15,315,22,293,93.0,62,253,80.3,材料待ち,16,0
2026-06-20 16:13:26,2026-06-20 06:00:00,2026-06-20 12:00:00,2026-06-20,昼勤,Line-C,MC-005,組立機,20,315,37,278,88.3,71,244,77.5,材料待ち,12,0
2026-06-20 16:13:26,2026-06-20 06:00:00,2026-06-20 12:00:00,2026-06-20,昼勤,Line-C,MC-006,圧着機,22,315,28,287,91.1,45,270,85.7,材料待ち,12,0
2026-06-20 22:01:28,2026-06-20 12:00:00,2026-06-20 18:00:00,2026-06-20,夜勤,Line-A,MC-001,切断機,25,315,25,290,92.1,45,270,85.7,段取り替え,10,0
2026-06-20 22:01:28,2026-06-20 12:00:00,2026-06-20 18:00:00,2026-06-20,夜勤,Line-A,MC-002,加工機,36,315,31,284,90.2,44,271,86.0,段取り替え,7,0
2026-06-20 22:01:28,2026-06-20 12:00:00,2026-06-20 18:00:00,2026-06-20,夜勤,Line-B,MC-003,検査機,20,315,15,300,95.2,7,308,97.8,チョコ停,15,0
2026-06-20 22:01:28,2026-06-20 12:00:00,2026-06-20 18:00:00,2026-06-20,夜勤,Line-B,MC-004,包装機,15,315,22,293,93.0,19,296,94.0,清掃,19,0
2026-06-20 22:01:28,2026-06-20 12:00:00,2026-06-20 18:00:00,2026-06-20,夜勤,Line-C,MC-005,組立機,20,315,37,278,88.3,35,280,88.9,品質確認,14,0
2026-06-20 22:01:28,2026-06-20 12:00:00,2026-06-20 18:00:00,2026-06-20,夜勤,Line-C,MC-006,圧着機,22,315,28,287,91.1,41,274,87.0,材料待ち,12,0
2026-06-22 08:53:02,2026-06-22 00:00:00,2026-06-22 06:00:00,2026-06-22,昼勤,Line-A,MC-001,切断機,25,315,25,290,92.1,29,286,90.8,清掃,11,0
2026-06-22 08:53:02,2026-06-22 00:00:00,2026-06-22 06:00:00,2026-06-22,昼勤,Line-A,MC-002,加工機,36,315,31,284,90.2,18,297,94.3,品質確認,8,0
2026-06-22 08:53:02,2026-06-22 00:00:00,2026-06-22 06:00:00,2026-06-22,昼勤,Line-B,MC-003,検査機,20,315,15,300,95.2,11,304,96.5,チョコ停,15,0
2026-06-22 08:53:02,2026-06-22 00:00:00,2026-06-22 06:00:00,2026-06-22,昼勤,Line-B,MC-004,包装機,15,315,22,293,93.0,19,296,94.0,清掃,19,0
2026-06-22 08:53:02,2026-06-22 00:00:00,2026-06-22 06:00:00,2026-06-22,昼勤,Line-C,MC-005,組立機,20,315,37,278,88.3,36,279,88.6,段取り替え,13,0
2026-06-22 08:53:02,2026-06-22 00:00:00,2026-06-22 06:00:00,2026-06-22,昼勤,Line-C,MC-006,圧着機,22,315,28,287,91.1,9,306,97.1,チョコ停,13,0
2026-06-22 14:30:18,2026-06-22 06:00:00,2026-06-22 12:00:00,2026-06-22,昼勤,Line-A,MC-001,切断機,25,195,15,180,92.3,48,147,75.4,段取り替え,5,0
2026-06-22 14:30:18,2026-06-22 06:00:00,2026-06-22 12:00:00,2026-06-22,昼勤,Line-A,MC-002,加工機,36,195,19,176,90.3,82,113,57.9,設備異常,3,0
2026-06-22 14:30:18,2026-06-22 06:00:00,2026-06-22 12:00:00,2026-06-22,昼勤,Line-B,MC-003,検査機,20,195,9,186,95.4,23,172,88.2,段取り替え,8,0
2026-06-22 14:30:18,2026-06-22 06:00:00,2026-06-22 12:00:00,2026-06-22,昼勤,Line-B,MC-004,包装機,15,195,13,182,93.3,11,184,94.4,清掃,12,0
2026-06-22 14:30:18,2026-06-22 06:00:00,2026-06-22 12:00:00,2026-06-22,昼勤,Line-C,MC-005,組立機,20,195,23,172,88.2,47,148,75.9,材料待ち,7,0
2026-06-22 14:30:18,2026-06-22 06:00:00,2026-06-22 12:00:00,2026-06-22,昼勤,Line-C,MC-006,圧着機,22,195,17,178,91.3,60,135,69.2,設備異常,6,0
2026-06-22 18:43:05,2026-06-22 12:00:00,2026-06-22 18:00:00,2026-06-22,夜勤,Line-A,MC-001,切断機,25,315,25,290,92.1,114,201,63.8,設備異常,8,0
2026-06-22 18:43:05,2026-06-22 12:00:00,2026-06-22 18:00:00,2026-06-22,夜勤,Line-A,MC-002,加工機,36,315,31,284,90.2,47,268,85.1,段取り替え,7,0
2026-06-22 18:43:05,2026-06-22 12:00:00,2026-06-22 18:00:00,2026-06-22,夜勤,Line-B,MC-003,検査機,20,315,15,300,95.2,23,292,92.7,段取り替え,14,0
2026-06-22 18:43:05,2026-06-22 12:00:00,2026-06-22 18:00:00,2026-06-22,夜勤,Line-B,MC-004,包装機,15,315,22,293,93.0,16,299,94.9,チョコ停,19,0
2026-06-22 18:43:05,2026-06-22 12:00:00,2026-06-22 18:00:00,2026-06-22,夜勤,Line-C,MC-005,組立機,20,315,37,278,88.3,5,310,98.4,チョコ停,15,0
2026-06-22 18:43:05,2026-06-22 12:00:00,2026-06-22 18:00:00,2026-06-22,夜勤,Line-C,MC-006,圧着機,22,315,28,287,91.1,20,295,93.7,清掃,13,0
2026-06-22 22:43:23,2026-06-22 12:00:00,2026-06-22 18:00:00,2026-06-22,夜勤,Line-A,MC-001,切断機,25,315,25,290,92.1,4,311,98.7,なし,12,0
2026-06-22 22:43:23,2026-06-22 12:00:00,2026-06-22 18:00:00,2026-06-22,夜勤,Line-A,MC-002,加工機,36,315,31,284,90.2,40,275,87.3,段取り替え,7,0
2026-06-22 22:43:23,2026-06-22 12:00:00,2026-06-22 18:00:00,2026-06-22,夜勤,Line-B,MC-003,検査機,20,315,15,300,95.2,15,300,95.2,チョコ停,15,0
2026-06-22 22:43:23,2026-06-22 12:00:00,2026-06-22 18:00:00,2026-06-22,夜勤,Line-B,MC-004,包装機,15,315,22,293,93.0,35,280,88.9,品質確認,18,0
2026-06-22 22:43:23,2026-06-22 12:00:00,2026-06-22 18:00:00,2026-06-22,夜勤,Line-C,MC-005,組立機,20,315,37,278,88.3,115,200,63.5,設備異常,10,0
2026-06-22 22:43:23,2026-06-22 12:00:00,2026-06-22 18:00:00,2026-06-22,夜勤,Line-C,MC-006,圧着機,22,315,28,287,91.1,13,302,95.9,清掃,13,0
2026-06-23 06:43:22,2026-06-23 00:00:00,2026-06-23 06:00:00,2026-06-23,昼勤,Line-A,MC-001,切断機,25,315,25,290,92.1,113,202,64.1,設備異常,8,0
2026-06-23 06:43:22,2026-06-23 00:00:00,2026-06-23 06:00:00,2026-06-23,昼勤,Line-A,MC-002,加工機,36,315,31,284,90.2,24,291,92.4,清掃,8,0
2026-06-23 06:43:22,2026-06-23 00:00:00,2026-06-23 06:00:00,2026-06-23,昼勤,Line-B,MC-003,検査機,20,315,15,300,95.2,8,307,97.5,なし,15,0
2026-06-23 06:43:22,2026-06-23 00:00:00,2026-06-23 06:00:00,2026-06-23,昼勤,Line-B,MC-004,包装機,15,315,22,293,93.0,6,309,98.1,チョコ停,20,0
2026-06-23 06:43:22,2026-06-23 00:00:00,2026-06-23 06:00:00,2026-06-23,昼勤,Line-C,MC-005,組立機,20,315,37,278,88.3,1,314,99.7,なし,15,0
2026-06-23 06:43:22,2026-06-23 00:00:00,2026-06-23 06:00:00,2026-06-23,昼勤,Line-C,MC-006,圧着機,22,315,28,287,91.1,11,304,96.5,チョコ停,13,0
2026-06-23 11:55:04,2026-06-23 00:00:00,2026-06-23 06:00:00,2026-06-23,昼勤,Line-A,MC-001,切断機,25,315,25,290,92.1,7,308,97.8,なし,12,0
2026-06-23 11:55:04,2026-06-23 00:00:00,2026-06-23 06:00:00,2026-06-23,昼勤,Line-A,MC-002,加工機,36,315,31,284,90.2,26,289,91.7,段取り替え,8,0
2026-06-23 11:55:04,2026-06-23 00:00:00,2026-06-23 06:00:00,2026-06-23,昼勤,Line-B,MC-003,検査機,20,315,15,300,95.2,40,275,87.3,品質確認,13,0
2026-06-23 11:55:04,2026-06-23 00:00:00,2026-06-23 06:00:00,2026-06-23,昼勤,Line-B,MC-004,包装機,15,315,22,293,93.0,118,197,62.5,設備異常,13,0
2026-06-23 11:55:04,2026-06-23 00:00:00,2026-06-23 06:00:00,2026-06-23,昼勤,Line-C,MC-005,組立機,20,315,37,278,88.3,38,277,87.9,材料待ち,13,0
2026-06-23 11:55:04,2026-06-23 00:00:00,2026-06-23 06:00:00,2026-06-23,昼勤,Line-C,MC-006,圧着機,22,315,28,287,91.1,21,294,93.3,段取り替え,13,0
2026-06-23 17:12:28,2026-06-23 06:00:00,2026-06-23 12:00:00,2026-06-23,昼勤,Line-A,MC-001,切断機,25,315,25,290,92.1,62,253,80.3,設備異常,10,0
2026-06-23 17:12:28,2026-06-23 06:00:00,2026-06-23 12:00:00,2026-06-23,昼勤,Line-A,MC-002,加工機,36,315,31,284,90.2,44,271,86.0,段取り替え,7,0
2026-06-23 17:12:28,2026-06-23 06:00:00,2026-06-23 12:00:00,2026-06-23,昼勤,Line-B,MC-003,検査機,20,315,15,300,95.2,0,315,100.0,なし,15,0
2026-06-23 17:12:28,2026-06-23 06:00:00,2026-06-23 12:00:00,2026-06-23,昼勤,Line-B,MC-004,包装機,15,315,22,293,93.0,32,283,89.8,材料待ち,18,0
2026-06-23 17:12:28,2026-06-23 06:00:00,2026-06-23 12:00:00,2026-06-23,昼勤,Line-C,MC-005,組立機,20,315,37,278,88.3,22,293,93.0,清掃,14,0
2026-06-23 17:12:28,2026-06-23 06:00:00,2026-06-23 12:00:00,2026-06-23,昼勤,Line-C,MC-006,圧着機,22,315,28,287,91.1,117,198,62.9,設備異常,9,0
2026-06-23 22:08:50,2026-06-23 12:00:00,2026-06-23 18:00:00,2026-06-23,夜勤,Line-A,MC-001,切断機,25,315,25,290,92.1,34,281,89.2,品質確認,11,0
2026-06-23 22:08:50,2026-06-23 12:00:00,2026-06-23 18:00:00,2026-06-23,夜勤,Line-A,MC-002,加工機,36,315,31,284,90.2,5,310,98.4,なし,8,0
2026-06-23 22:08:50,2026-06-23 12:00:00,2026-06-23 18:00:00,2026-06-23,夜勤,Line-B,MC-003,検査機,20,315,15,300,95.2,28,287,91.1,品質確認,14,0
2026-06-23 22:08:50,2026-06-23 12:00:00,2026-06-23 18:00:00,2026-06-23,夜勤,Line-B,MC-004,包装機,15,315,22,293,93.0,9,306,97.1,なし,20,0
2026-06-23 22:08:50,2026-06-23 12:00:00,2026-06-23 18:00:00,2026-06-23,夜勤,Line-C,MC-005,組立機,20,315,37,278,88.3,16,299,94.9,清掃,14,0
2026-06-23 22:08:50,2026-06-23 12:00:00,2026-06-23 18:00:00,2026-06-23,夜勤,Line-C,MC-006,圧着機,22,315,28,287,91.1,6,309,98.1,チョコ停,14,0
2026-06-24 06:40:07,2026-06-24 00:00:00,2026-06-24 06:00:00,2026-06-24,昼勤,Line-A,MC-001,切断機,25,315,25,290,92.1,28,287,91.1,品質確認,11,0
2026-06-24 06:40:07,2026-06-24 00:00:00,2026-06-24 06:00:00,2026-06-24,昼勤,Line-A,MC-002,加工機,36,315,31,284,90.2,29,286,90.8,段取り替え,7,0
2026-06-24 06:40:07,2026-06-24 00:00:00,2026-06-24 06:00:00,2026-06-24,昼勤,Line-B,MC-003,検査機,20,315,15,300,95.2,77,238,75.6,材料待ち,11,0
2026-06-24 06:40:07,2026-06-24 00:00:00,2026-06-24 06:00:00,2026-06-24,昼勤,Line-B,MC-004,包装機,15,315,22,293,93.0,107,208,66.0,設備異常,13,0
2026-06-24 06:40:07,2026-06-24 00:00:00,2026-06-24 06:00:00,2026-06-24,昼勤,Line-C,MC-005,組立機,20,315,37,278,88.3,9,306,97.1,チョコ停,15,0
2026-06-24 06:40:07,2026-06-24 00:00:00,2026-06-24 06:00:00,2026-06-24,昼勤,Line-C,MC-006,圧着機,22,315,28,287,91.1,6,309,98.1,なし,14,0
2026-06-24 11:40:53,2026-06-24 00:00:00,2026-06-24 06:00:00,2026-06-24,昼勤,Line-A,MC-001,切断機,25,315,25,290,92.1,13,302,95.9,チョコ停,12,0
2026-06-24 11:40:53,2026-06-24 00:00:00,2026-06-24 06:00:00,2026-06-24,昼勤,Line-A,MC-002,加工機,36,315,31,284,90.2,106,209,66.3,設備異常,5,0
2026-06-24 11:40:53,2026-06-24 00:00:00,2026-06-24 06:00:00,2026-06-24,昼勤,Line-B,MC-003,検査機,20,315,15,300,95.2,76,239,75.9,材料待ち,11,0
2026-06-24 11:40:53,2026-06-24 00:00:00,2026-06-24 06:00:00,2026-06-24,昼勤,Line-B,MC-004,包装機,15,315,22,293,93.0,30,285,90.5,材料待ち,19,0
2026-06-24 11:40:53,2026-06-24 00:00:00,2026-06-24 06:00:00,2026-06-24,昼勤,Line-C,MC-005,組立機,20,315,37,278,88.3,46,269,85.4,段取り替え,13,0
2026-06-24 11:40:53,2026-06-24 00:00:00,2026-06-24 06:00:00,2026-06-24,昼勤,Line-C,MC-006,圧着機,22,315,28,287,91.1,36,279,88.6,品質確認,12,0
2026-06-24 17:01:19,2026-06-24 06:00:00,2026-06-24 12:00:00,2026-06-24,昼勤,Line-A,MC-001,切断機,25,315,25,290,92.1,5,310,98.4,チョコ停,12,0
2026-06-24 17:01:19,2026-06-24 06:00:00,2026-06-24 12:00:00,2026-06-24,昼勤,Line-A,MC-002,加工機,36,315,31,284,90.2,44,271,86.0,段取り替え,7,0
2026-06-24 17:01:19,2026-06-24 06:00:00,2026-06-24 12:00:00,2026-06-24,昼勤,Line-B,MC-003,検査機,20,315,15,300,95.2,24,291,92.4,清掃,14,0
2026-06-24 17:01:19,2026-06-24 06:00:00,2026-06-24 12:00:00,2026-06-24,昼勤,Line-B,MC-004,包装機,15,315,22,293,93.0,6,309,98.1,なし,20,0
2026-06-24 17:01:19,2026-06-24 06:00:00,2026-06-24 12:00:00,2026-06-24,昼勤,Line-C,MC-005,組立機,20,315,37,278,88.3,22,293,93.0,清掃,14,0
2026-06-24 17:01:19,2026-06-24 06:00:00,2026-06-24 12:00:00,2026-06-24,昼勤,Line-C,MC-006,圧着機,22,315,28,287,91.1,8,307,97.5,チョコ停,13,0
2026-06-24 22:11:04,2026-06-24 12:00:00,2026-06-24 18:00:00,2026-06-24,夜勤,Line-A,MC-001,切断機,25,315,25,290,92.1,12,303,96.2,チョコ停,12,0
2026-06-24 22:11:04,2026-06-24 12:00:00,2026-06-24 18:00:00,2026-06-24,夜勤,Line-A,MC-002,加工機,36,315,31,284,90.2,2,313,99.4,なし,8,0
2026-06-24 22:11:04,2026-06-24 12:00:00,2026-06-24 18:00:00,2026-06-24,夜勤,Line-B,MC-003,検査機,20,315,15,300,95.2,3,312,99.0,なし,15,0
2026-06-24 22:11:04,2026-06-24 12:00:00,2026-06-24 18:00:00,2026-06-24,夜勤,Line-B,MC-004,包装機,15,315,22,293,93.0,112,203,64.4,設備異常,13,0
2026-06-24 22:11:04,2026-06-24 12:00:00,2026-06-24 18:00:00,2026-06-24,夜勤,Line-C,MC-005,組立機,20,315,37,278,88.3,32,283,89.8,段取り替え,14,0
2026-06-24 22:11:04,2026-06-24 12:00:00,2026-06-24 18:00:00,2026-06-24,夜勤,Line-C,MC-006,圧着機,22,315,28,287,91.1,80,235,74.6,設備異常,10,0
2026-06-25 06:42:43,2026-06-25 00:00:00,2026-06-25 06:00:00,2026-06-25,昼勤,Line-A,MC-001,切断機,25,315,25,290,92.1,9,306,97.1,チョコ停,12,0
2026-06-25 06:42:43,2026-06-25 00:00:00,2026-06-25 06:00:00,2026-06-25,昼勤,Line-A,MC-002,加工機,36,315,31,284,90.2,2,313,99.4,なし,8,0
2026-06-25 06:42:43,2026-06-25 00:00:00,2026-06-25 06:00:00,2026-06-25,昼勤,Line-B,MC-003,検査機,20,315,15,300,95.2,16,299,94.9,チョコ停,14,0
2026-06-25 06:42:43,2026-06-25 00:00:00,2026-06-25 06:00:00,2026-06-25,昼勤,Line-B,MC-004,包装機,15,315,22,293,93.0,43,272,86.3,段取り替え,18,0
2026-06-25 06:42:43,2026-06-25 00:00:00,2026-06-25 06:00:00,2026-06-25,昼勤,Line-C,MC-005,組立機,20,315,37,278,88.3,28,287,91.1,段取り替え,14,0
2026-06-25 06:42:43,2026-06-25 00:00:00,2026-06-25 06:00:00,2026-06-25,昼勤,Line-C,MC-006,圧着機,22,315,28,287,91.1,28,287,91.1,品質確認,13,0
2026-06-25 11:35:02,2026-06-25 00:00:00,2026-06-25 06:00:00,2026-06-25,昼勤,Line-A,MC-001,切断機,25,315,25,290,92.1,18,297,94.3,清掃,11,0
2026-06-25 11:35:02,2026-06-25 00:00:00,2026-06-25 06:00:00,2026-06-25,昼勤,Line-A,MC-002,加工機,36,315,31,284,90.2,9,306,97.1,なし,8,0
2026-06-25 11:35:02,2026-06-25 00:00:00,2026-06-25 06:00:00,2026-06-25,昼勤,Line-B,MC-003,検査機,20,315,15,300,95.2,20,295,93.7,チョコ停,14,0
2026-06-25 11:35:02,2026-06-25 00:00:00,2026-06-25 06:00:00,2026-06-25,昼勤,Line-B,MC-004,包装機,15,315,22,293,93.0,9,306,97.1,なし,20,0
2026-06-25 11:35:02,2026-06-25 00:00:00,2026-06-25 06:00:00,2026-06-25,昼勤,Line-C,MC-005,組立機,20,315,37,278,88.3,13,302,95.9,清掃,15,0
2026-06-25 11:35:02,2026-06-25 00:00:00,2026-06-25 06:00:00,2026-06-25,昼勤,Line-C,MC-006,圧着機,22,315,28,287,91.1,18,297,94.3,チョコ停,13,0
2026-06-25 17:06:44,2026-06-25 06:00:00,2026-06-25 12:00:00,2026-06-25,昼勤,Line-A,MC-001,切断機,25,315,25,290,92.1,89,226,71.7,設備異常,9,0
2026-06-25 17:06:44,2026-06-25 06:00:00,2026-06-25 12:00:00,2026-06-25,昼勤,Line-A,MC-002,加工機,36,315,31,284,90.2,21,294,93.3,清掃,8,0
2026-06-25 17:06:44,2026-06-25 06:00:00,2026-06-25 12:00:00,2026-06-25,昼勤,Line-B,MC-003,検査機,20,315,15,300,95.2,57,258,81.9,材料待ち,12,0
2026-06-25 17:06:44,2026-06-25 06:00:00,2026-06-25 12:00:00,2026-06-25,昼勤,Line-B,MC-004,包装機,15,315,22,293,93.0,5,310,98.4,なし,20,0
2026-06-25 17:06:44,2026-06-25 06:00:00,2026-06-25 12:00:00,2026-06-25,昼勤,Line-C,MC-005,組立機,20,315,37,278,88.3,120,195,61.9,設備異常,9,0
2026-06-25 17:06:44,2026-06-25 06:00:00,2026-06-25 12:00:00,2026-06-25,昼勤,Line-C,MC-006,圧着機,22,315,28,287,91.1,32,283,89.8,品質確認,12,0
2026-06-25 22:17:20,2026-06-25 12:00:00,2026-06-25 18:00:00,2026-06-25,夜勤,Line-A,MC-001,切断機,25,315,25,290,92.1,7,308,97.8,チョコ停,12,0
2026-06-25 22:17:20,2026-06-25 12:00:00,2026-06-25 18:00:00,2026-06-25,夜勤,Line-A,MC-002,加工機,36,315,31,284,90.2,10,305,96.8,なし,8,0
2026-06-25 22:17:20,2026-06-25 12:00:00,2026-06-25 18:00:00,2026-06-25,夜勤,Line-B,MC-003,検査機,20,315,15,300,95.2,29,286,90.8,清掃,14,0
2026-06-25 22:17:20,2026-06-25 12:00:00,2026-06-25 18:00:00,2026-06-25,夜勤,Line-B,MC-004,包装機,15,315,22,293,93.0,22,293,93.0,清掃,19,0
2026-06-25 22:17:20,2026-06-25 12:00:00,2026-06-25 18:00:00,2026-06-25,夜勤,Line-C,MC-005,組立機,20,315,37,278,88.3,11,304,96.5,チョコ停,15,0
2026-06-25 22:17:20,2026-06-25 12:00:00,2026-06-25 18:00:00,2026-06-25,夜勤,Line-C,MC-006,圧着機,22,315,28,287,91.1,38,277,87.9,段取り替え,12,0
2026-06-26 06:48:28,2026-06-26 00:00:00,2026-06-26 06:00:00,2026-06-26,昼勤,Line-A,MC-001,切断機,25,315,25,290,92.1,25,290,92.1,品質確認,11,0
2026-06-26 06:48:28,2026-06-26 00:00:00,2026-06-26 06:00:00,2026-06-26,昼勤,Line-A,MC-002,加工機,36,315,31,284,90.2,12,303,96.2,清掃,8,0
2026-06-26 06:48:28,2026-06-26 00:00:00,2026-06-26 06:00:00,2026-06-26,昼勤,Line-B,MC-003,検査機,20,315,15,300,95.2,39,276,87.6,品質確認,13,0
2026-06-26 06:48:28,2026-06-26 00:00:00,2026-06-26 06:00:00,2026-06-26,昼勤,Line-B,MC-004,包装機,15,315,22,293,93.0,79,236,74.9,設備異常,15,0
2026-06-26 06:48:28,2026-06-26 00:00:00,2026-06-26 06:00:00,2026-06-26,昼勤,Line-C,MC-005,組立機,20,315,37,278,88.3,11,304,96.5,清掃,15,0
2026-06-26 06:48:28,2026-06-26 00:00:00,2026-06-26 06:00:00,2026-06-26,昼勤,Line-C,MC-006,圧着機,22,315,28,287,91.1,62,253,80.3,材料待ち,11,0
